[07-Aug-2025 12:48:28 UTC] PHP Warning:  Constant GE_MODULE already defined in C:\laragon\www\wordpress\wp-content\plugins\GestionMasters\GestionMasters.php on line 11
[07-Aug-2025 13:48:29 Africa/Tunis] PHP Warning:  Undefined variable $email in C:\laragon\www\wordpress\wp-content\plugins\secure-login\includes\login-handler.php on line 4
[07-Aug-2025 12:48:29 UTC] PHP Warning:  Constant GE_MODULE already defined in C:\laragon\www\wordpress\wp-content\plugins\GestionMasters\GestionMasters.php on line 11
[07-Aug-2025 13:48:29 Africa/Tunis] PHP Warning:  Undefined variable $email in C:\laragon\www\wordpress\wp-content\plugins\secure-login\includes\login-handler.php on line 4
[07-Aug-2025 13:48:29 Africa/Tunis] PHP Warning:  require_once(../config/roles.php): Failed to open stream: No such file or directory in C:\laragon\www\wordpress\wp-content\plugins\plateforme-master\Modules\LaboRecherche\pages\pageschercheur\ActivitesQuotidiennes.php on line 3
[07-Aug-2025 13:48:29 Africa/Tunis] PHP Fatal error:  Uncaught Error: Failed opening required '../config/roles.php' (include_path='.;C:/laragon/etc/php/pear') in C:\laragon\www\wordpress\wp-content\plugins\plateforme-master\Modules\LaboRecherche\pages\pageschercheur\ActivitesQuotidiennes.php:3
Stack trace:
#0 C:\laragon\www\wordpress\wp-content\plugins\plateforme-master\plateforme-master.php(1092): include()
#1 C:\laragon\www\wordpress\wp-includes\class-wp-hook.php(324): pm_template_override('')
#2 C:\laragon\www\wordpress\wp-includes\class-wp-hook.php(348): WP_Hook->apply_filters(NULL, Array)
#3 C:\laragon\www\wordpress\wp-includes\plugin.php(517): WP_Hook->do_action(Array)
#4 C:\laragon\www\wordpress\wp-includes\template-loader.php(13): do_action('template_redire...')
#5 C:\laragon\www\wordpress\wp-blog-header.php(19): require_once('C:\\laragon\\www\\...')
#6 C:\laragon\www\wordpress\index.php(17): require('C:\\laragon\\www\\...')
#7 {main}
  thrown in C:\laragon\www\wordpress\wp-content\plugins\plateforme-master\Modules\LaboRecherche\pages\pageschercheur\ActivitesQuotidiennes.php on line 3
[07-Aug-2025 12:49:02 UTC] PHP Warning:  Constant GE_MODULE already defined in C:\laragon\www\wordpress\wp-content\plugins\GestionMasters\GestionMasters.php on line 11
[07-Aug-2025 13:49:02 Africa/Tunis] PHP Warning:  Undefined variable $email in C:\laragon\www\wordpress\wp-content\plugins\secure-login\includes\login-handler.php on line 4
[07-Aug-2025 12:49:02 UTC] PHP Warning:  Constant GE_MODULE already defined in C:\laragon\www\wordpress\wp-content\plugins\GestionMasters\GestionMasters.php on line 11
[07-Aug-2025 13:49:03 Africa/Tunis] PHP Warning:  Undefined variable $email in C:\laragon\www\wordpress\wp-content\plugins\secure-login\includes\login-handler.php on line 4
[07-Aug-2025 12:49:28 UTC] PHP Warning:  Constant GE_MODULE already defined in C:\laragon\www\wordpress\wp-content\plugins\GestionMasters\GestionMasters.php on line 11
[07-Aug-2025 13:49:28 Africa/Tunis] PHP Warning:  Undefined variable $email in C:\laragon\www\wordpress\wp-content\plugins\secure-login\includes\login-handler.php on line 4
[07-Aug-2025 13:49:28 Africa/Tunis] PHP Warning:  include(components/header.php): Failed to open stream: No such file or directory in C:\laragon\www\wordpress\wp-content\plugins\plateforme-master\Modules\LaboRecherche\pages\pageschercheur\ActivitesQuotidiennes.php on line 48
[07-Aug-2025 13:49:28 Africa/Tunis] PHP Warning:  include(): Failed opening 'components/header.php' for inclusion (include_path='.;C:/laragon/etc/php/pear') in C:\laragon\www\wordpress\wp-content\plugins\plateforme-master\Modules\LaboRecherche\pages\pageschercheur\ActivitesQuotidiennes.php on line 48
[07-Aug-2025 13:49:28 Africa/Tunis] PHP Warning:  include(components/sidebar.php): Failed to open stream: No such file or directory in C:\laragon\www\wordpress\wp-content\plugins\plateforme-master\Modules\LaboRecherche\pages\pageschercheur\ActivitesQuotidiennes.php on line 55
[07-Aug-2025 13:49:28 Africa/Tunis] PHP Warning:  include(): Failed opening 'components/sidebar.php' for inclusion (include_path='.;C:/laragon/etc/php/pear') in C:\laragon\www\wordpress\wp-content\plugins\plateforme-master\Modules\LaboRecherche\pages\pageschercheur\ActivitesQuotidiennes.php on line 55
[07-Aug-2025 13:49:28 Africa/Tunis] PHP Warning:  include(components/Nav-Pages.php): Failed to open stream: No such file or directory in C:\laragon\www\wordpress\wp-content\plugins\plateforme-master\Modules\LaboRecherche\pages\pageschercheur\ActivitesQuotidiennes.php on line 60
[07-Aug-2025 13:49:28 Africa/Tunis] PHP Warning:  include(): Failed opening 'components/Nav-Pages.php' for inclusion (include_path='.;C:/laragon/etc/php/pear') in C:\laragon\www\wordpress\wp-content\plugins\plateforme-master\Modules\LaboRecherche\pages\pageschercheur\ActivitesQuotidiennes.php on line 60
[07-Aug-2025 13:49:28 Africa/Tunis] PHP Warning:  include(components/Dashboard-Bar.php): Failed to open stream: No such file or directory in C:\laragon\www\wordpress\wp-content\plugins\plateforme-master\Modules\LaboRecherche\pages\pageschercheur\ActivitesQuotidiennes.php on line 63
[07-Aug-2025 13:49:28 Africa/Tunis] PHP Warning:  include(): Failed opening 'components/Dashboard-Bar.php' for inclusion (include_path='.;C:/laragon/etc/php/pear') in C:\laragon\www\wordpress\wp-content\plugins\plateforme-master\Modules\LaboRecherche\pages\pageschercheur\ActivitesQuotidiennes.php on line 63
[07-Aug-2025 13:49:28 Africa/Tunis] PHP Warning:  include(components/statActivitesQuotidiennes.php): Failed to open stream: No such file or directory in C:\laragon\www\wordpress\wp-content\plugins\plateforme-master\Modules\LaboRecherche\pages\pageschercheur\ActivitesQuotidiennes.php on line 70
[07-Aug-2025 13:49:28 Africa/Tunis] PHP Warning:  include(): Failed opening 'components/statActivitesQuotidiennes.php' for inclusion (include_path='.;C:/laragon/etc/php/pear') in C:\laragon\www\wordpress\wp-content\plugins\plateforme-master\Modules\LaboRecherche\pages\pageschercheur\ActivitesQuotidiennes.php on line 70
[07-Aug-2025 13:49:28 Africa/Tunis] PHP Warning:  include(components/TableActivitesQuotidiennes.php): Failed to open stream: No such file or directory in C:\laragon\www\wordpress\wp-content\plugins\plateforme-master\Modules\LaboRecherche\pages\pageschercheur\ActivitesQuotidiennes.php on line 73
[07-Aug-2025 13:49:28 Africa/Tunis] PHP Warning:  include(): Failed opening 'components/TableActivitesQuotidiennes.php' for inclusion (include_path='.;C:/laragon/etc/php/pear') in C:\laragon\www\wordpress\wp-content\plugins\plateforme-master\Modules\LaboRecherche\pages\pageschercheur\ActivitesQuotidiennes.php on line 73
[07-Aug-2025 13:49:28 Africa/Tunis] PHP Warning:  include(components/scripts.php): Failed to open stream: No such file or directory in C:\laragon\www\wordpress\wp-content\plugins\plateforme-master\Modules\LaboRecherche\pages\pageschercheur\ActivitesQuotidiennes.php on line 83
[07-Aug-2025 13:49:28 Africa/Tunis] PHP Warning:  include(): Failed opening 'components/scripts.php' for inclusion (include_path='.;C:/laragon/etc/php/pear') in C:\laragon\www\wordpress\wp-content\plugins\plateforme-master\Modules\LaboRecherche\pages\pageschercheur\ActivitesQuotidiennes.php on line 83
[07-Aug-2025 12:49:29 UTC] PHP Warning:  Constant GE_MODULE already defined in C:\laragon\www\wordpress\wp-content\plugins\GestionMasters\GestionMasters.php on line 11
[07-Aug-2025 13:49:29 Africa/Tunis] PHP Warning:  Undefined variable $email in C:\laragon\www\wordpress\wp-content\plugins\secure-login\includes\login-handler.php on line 4
[07-Aug-2025 12:49:29 UTC] PHP Warning:  Constant GE_MODULE already defined in C:\laragon\www\wordpress\wp-content\plugins\GestionMasters\GestionMasters.php on line 11
[07-Aug-2025 13:49:29 Africa/Tunis] PHP Warning:  Undefined variable $email in C:\laragon\www\wordpress\wp-content\plugins\secure-login\includes\login-handler.php on line 4
[01-Sep-2025 11:27:53 UTC] PHP Warning:  Constant GE_MODULE already defined in C:\laragon\www\wordpress\wp-content\plugins\GestionMasters\GestionMasters.php on line 11
[01-Sep-2025 12:27:53 Africa/Tunis] PHP Fatal error:  Cannot redeclare svc_activite_doc_args_create() (previously declared in C:\laragon\www\wordpress\wp-content\plugins\plateforme-master\includes\recherche\api_directeurderecherche.php:19) in C:\laragon\www\wordpress\wp-content\plugins\plateforme-master\includes\directeur_de_labo\api_directeurderecherche.php on line 29
[01-Sep-2025 11:28:32 UTC] PHP Warning:  Constant GE_MODULE already defined in C:\laragon\www\wordpress\wp-content\plugins\GestionMasters\GestionMasters.php on line 11
[01-Sep-2025 12:28:32 Africa/Tunis] PHP Fatal error:  Cannot redeclare svc_activite_doc_args_update() (previously declared in C:\laragon\www\wordpress\wp-content\plugins\plateforme-master\includes\recherche\api_directeurderecherche.php:23) in C:\laragon\www\wordpress\wp-content\plugins\plateforme-master\includes\directeur_de_labo\api_directeurderecherche.php on line 30
[01-Sep-2025 11:28:33 UTC] PHP Warning:  Constant GE_MODULE already defined in C:\laragon\www\wordpress\wp-content\plugins\GestionMasters\GestionMasters.php on line 11
[01-Sep-2025 12:28:33 Africa/Tunis] PHP Fatal error:  Cannot redeclare svc_activite_doc_args_update() (previously declared in C:\laragon\www\wordpress\wp-content\plugins\plateforme-master\includes\recherche\api_directeurderecherche.php:23) in C:\laragon\www\wordpress\wp-content\plugins\plateforme-master\includes\directeur_de_labo\api_directeurderecherche.php on line 30
[01-Sep-2025 11:28:34 UTC] PHP Warning:  Constant GE_MODULE already defined in C:\laragon\www\wordpress\wp-content\plugins\GestionMasters\GestionMasters.php on line 11
[01-Sep-2025 12:28:34 Africa/Tunis] PHP Fatal error:  Cannot redeclare svc_activite_doc_args_update() (previously declared in C:\laragon\www\wordpress\wp-content\plugins\plateforme-master\includes\recherche\api_directeurderecherche.php:23) in C:\laragon\www\wordpress\wp-content\plugins\plateforme-master\includes\directeur_de_labo\api_directeurderecherche.php on line 30
[01-Sep-2025 11:29:50 UTC] PHP Warning:  Constant GE_MODULE already defined in C:\laragon\www\wordpress\wp-content\plugins\GestionMasters\GestionMasters.php on line 11
[01-Sep-2025 12:29:50 Africa/Tunis] PHP Fatal error:  Cannot redeclare svc_activite_indicateur_args_create() (previously declared in C:\laragon\www\wordpress\wp-content\plugins\plateforme-master\includes\recherche\api_directeurderecherche.php:43) in C:\laragon\www\wordpress\wp-content\plugins\plateforme-master\includes\directeur_de_labo\api_directeurderecherche.php on line 118
[01-Sep-2025 11:30:06 UTC] PHP Warning:  Constant GE_MODULE already defined in C:\laragon\www\wordpress\wp-content\plugins\GestionMasters\GestionMasters.php on line 11
[01-Sep-2025 12:30:06 Africa/Tunis] PHP Fatal error:  Cannot redeclare svc_activite_indicateur_args_create() (previously declared in C:\laragon\www\wordpress\wp-content\plugins\plateforme-master\includes\recherche\api_directeurderecherche.php:43) in C:\laragon\www\wordpress\wp-content\plugins\plateforme-master\includes\directeur_de_labo\api_directeurderecherche.php on line 118
[01-Sep-2025 11:30:09 UTC] PHP Warning:  Constant GE_MODULE already defined in C:\laragon\www\wordpress\wp-content\plugins\GestionMasters\GestionMasters.php on line 11
[01-Sep-2025 12:30:09 Africa/Tunis] PHP Fatal error:  Cannot redeclare svc_activite_indicateur_args_create() (previously declared in C:\laragon\www\wordpress\wp-content\plugins\plateforme-master\includes\recherche\api_directeurderecherche.php:43) in C:\laragon\www\wordpress\wp-content\plugins\plateforme-master\includes\directeur_de_labo\api_directeurderecherche.php on line 118
[01-Sep-2025 11:30:13 UTC] PHP Warning:  Constant GE_MODULE already defined in C:\laragon\www\wordpress\wp-content\plugins\GestionMasters\GestionMasters.php on line 11
[01-Sep-2025 12:30:13 Africa/Tunis] PHP Fatal error:  Cannot redeclare svc_activite_indicateur_args_update() (previously declared in C:\laragon\www\wordpress\wp-content\plugins\plateforme-master\includes\recherche\api_directeurderecherche.php:47) in C:\laragon\www\wordpress\wp-content\plugins\plateforme-master\includes\directeur_de_labo\api_directeurderecherche.php on line 137
[01-Sep-2025 11:30:39 UTC] PHP Warning:  Constant GE_MODULE already defined in C:\laragon\www\wordpress\wp-content\plugins\GestionMasters\GestionMasters.php on line 11
[01-Sep-2025 12:30:39 Africa/Tunis] PHP Fatal error:  Cannot redeclare svc_activite_doc_args_create() (previously declared in C:\laragon\www\wordpress\wp-content\plugins\plateforme-master\includes\recherche\api_directeurderecherche.php:19) in C:\laragon\www\wordpress\wp-content\plugins\plateforme-master\includes\directeur_de_labo\api_directeurderecherche.php on line 29
[01-Sep-2025 11:35:40 UTC] PHP Warning:  Constant GE_MODULE already defined in C:\laragon\www\wordpress\wp-content\plugins\GestionMasters\GestionMasters.php on line 11
[01-Sep-2025 12:35:40 Africa/Tunis] PHP Warning:  Undefined variable $email in C:\laragon\www\wordpress\wp-content\plugins\secure-login\includes\login-handler.php on line 4
[01-Sep-2025 11:35:40 UTC] PHP Warning:  Constant GE_MODULE already defined in C:\laragon\www\wordpress\wp-content\plugins\GestionMasters\GestionMasters.php on line 11
[01-Sep-2025 12:35:40 Africa/Tunis] PHP Warning:  Undefined variable $email in C:\laragon\www\wordpress\wp-content\plugins\secure-login\includes\login-handler.php on line 4
[01-Sep-2025 12:35:40 Africa/Tunis] PHP Deprecated:  strpos(): Passing null to parameter #1 ($haystack) of type string is deprecated in C:\laragon\www\wordpress\wp-includes\functions.php on line 7360
[01-Sep-2025 12:35:40 Africa/Tunis] PHP Deprecated:  str_replace(): Passing null to parameter #3 ($subject) of type array|string is deprecated in C:\laragon\www\wordpress\wp-includes\functions.php on line 2195
[01-Sep-2025 12:35:40 Africa/Tunis] PHP Notice:  La fonction register_rest_route a été appelée de façon <strong>incorrecte</strong>. La définition de la route de l’API REST pour <code>plateforme-doctorants/v1/directeurs-these-by-institut</code> n’a pas l’argument <code>permission_callback</code> nécessaire. Pour les routes de l’API REST qui sont destinées à être publiques, utilisez <code>__return_true</code> comme rappel de permission. Veuillez lire <a href="https://developer.wordpress.org/advanced-administration/debug/debug-wordpress/">Débogage dans WordPress</a> (en) pour plus d’informations. (Ce message a été ajouté à la version 5.5.0.) in C:\laragon\www\wordpress\wp-includes\functions.php on line 6121
[01-Sep-2025 11:35:48 UTC] PHP Warning:  Constant GE_MODULE already defined in C:\laragon\www\wordpress\wp-content\plugins\GestionMasters\GestionMasters.php on line 11
[01-Sep-2025 12:35:48 Africa/Tunis] PHP Warning:  Undefined variable $email in C:\laragon\www\wordpress\wp-content\plugins\secure-login\includes\login-handler.php on line 4
[01-Sep-2025 11:35:49 UTC] PHP Warning:  Constant GE_MODULE already defined in C:\laragon\www\wordpress\wp-content\plugins\GestionMasters\GestionMasters.php on line 11
[01-Sep-2025 12:35:49 Africa/Tunis] PHP Warning:  Undefined variable $email in C:\laragon\www\wordpress\wp-content\plugins\secure-login\includes\login-handler.php on line 4
[01-Sep-2025 12:35:49 Africa/Tunis] PHP Deprecated:  strpos(): Passing null to parameter #1 ($haystack) of type string is deprecated in C:\laragon\www\wordpress\wp-includes\functions.php on line 7360
[01-Sep-2025 12:35:49 Africa/Tunis] PHP Deprecated:  str_replace(): Passing null to parameter #3 ($subject) of type array|string is deprecated in C:\laragon\www\wordpress\wp-includes\functions.php on line 2195
[01-Sep-2025 12:35:49 Africa/Tunis] PHP Notice:  La fonction register_rest_route a été appelée de façon <strong>incorrecte</strong>. La définition de la route de l’API REST pour <code>plateforme-doctorants/v1/directeurs-these-by-institut</code> n’a pas l’argument <code>permission_callback</code> nécessaire. Pour les routes de l’API REST qui sont destinées à être publiques, utilisez <code>__return_true</code> comme rappel de permission. Veuillez lire <a href="https://developer.wordpress.org/advanced-administration/debug/debug-wordpress/">Débogage dans WordPress</a> (en) pour plus d’informations. (Ce message a été ajouté à la version 5.5.0.) in C:\laragon\www\wordpress\wp-includes\functions.php on line 6121
[01-Sep-2025 11:35:52 UTC] PHP Warning:  Constant GE_MODULE already defined in C:\laragon\www\wordpress\wp-content\plugins\GestionMasters\GestionMasters.php on line 11
[01-Sep-2025 12:35:52 Africa/Tunis] PHP Warning:  Undefined variable $email in C:\laragon\www\wordpress\wp-content\plugins\secure-login\includes\login-handler.php on line 4
[01-Sep-2025 11:35:52 UTC] PHP Warning:  Constant GE_MODULE already defined in C:\laragon\www\wordpress\wp-content\plugins\GestionMasters\GestionMasters.php on line 11
[01-Sep-2025 12:35:52 Africa/Tunis] PHP Warning:  Undefined variable $email in C:\laragon\www\wordpress\wp-content\plugins\secure-login\includes\login-handler.php on line 4
[01-Sep-2025 11:35:53 UTC] PHP Warning:  Constant GE_MODULE already defined in C:\laragon\www\wordpress\wp-content\plugins\GestionMasters\GestionMasters.php on line 11
[01-Sep-2025 12:35:53 Africa/Tunis] PHP Warning:  Undefined variable $email in C:\laragon\www\wordpress\wp-content\plugins\secure-login\includes\login-handler.php on line 4
[01-Sep-2025 12:35:53 Africa/Tunis] PHP Deprecated:  rtrim(): Passing null to parameter #1 ($string) of type string is deprecated in C:\laragon\www\wordpress\wp-content\plugins\wp-api-swaggerui\wp-api-swaggerui.php on line 104
[01-Sep-2025 12:35:53 Africa/Tunis] PHP Notice:  La fonction register_rest_route a été appelée de façon <strong>incorrecte</strong>. La définition de la route de l’API REST pour <code>plateforme-doctorants/v1/directeurs-these-by-institut</code> n’a pas l’argument <code>permission_callback</code> nécessaire. Pour les routes de l’API REST qui sont destinées à être publiques, utilisez <code>__return_true</code> comme rappel de permission. Veuillez lire <a href="https://developer.wordpress.org/advanced-administration/debug/debug-wordpress/">Débogage dans WordPress</a> (en) pour plus d’informations. (Ce message a été ajouté à la version 5.5.0.) in C:\laragon\www\wordpress\wp-includes\functions.php on line 6121
[01-Sep-2025 11:36:37 UTC] PHP Warning:  Constant GE_MODULE already defined in C:\laragon\www\wordpress\wp-content\plugins\GestionMasters\GestionMasters.php on line 11
[01-Sep-2025 12:36:37 Africa/Tunis] PHP Warning:  Undefined variable $email in C:\laragon\www\wordpress\wp-content\plugins\secure-login\includes\login-handler.php on line 4
[01-Sep-2025 11:36:49 UTC] PHP Warning:  Constant GE_MODULE already defined in C:\laragon\www\wordpress\wp-content\plugins\GestionMasters\GestionMasters.php on line 11
[01-Sep-2025 12:36:50 Africa/Tunis] PHP Warning:  Undefined variable $email in C:\laragon\www\wordpress\wp-content\plugins\secure-login\includes\login-handler.php on line 4
[01-Sep-2025 11:36:50 UTC] PHP Warning:  Constant GE_MODULE already defined in C:\laragon\www\wordpress\wp-content\plugins\GestionMasters\GestionMasters.php on line 11
[01-Sep-2025 12:36:50 Africa/Tunis] PHP Warning:  Undefined variable $email in C:\laragon\www\wordpress\wp-content\plugins\secure-login\includes\login-handler.php on line 4
[01-Sep-2025 11:36:51 UTC] PHP Warning:  Constant GE_MODULE already defined in C:\laragon\www\wordpress\wp-content\plugins\GestionMasters\GestionMasters.php on line 11
[01-Sep-2025 12:36:51 Africa/Tunis] PHP Warning:  Undefined variable $email in C:\laragon\www\wordpress\wp-content\plugins\secure-login\includes\login-handler.php on line 4
[01-Sep-2025 11:37:16 UTC] PHP Warning:  Constant GE_MODULE already defined in C:\laragon\www\wordpress\wp-content\plugins\GestionMasters\GestionMasters.php on line 11
[01-Sep-2025 12:37:16 Africa/Tunis] PHP Warning:  Undefined variable $email in C:\laragon\www\wordpress\wp-content\plugins\secure-login\includes\login-handler.php on line 4
[01-Sep-2025 11:37:43 UTC] PHP Warning:  Constant GE_MODULE already defined in C:\laragon\www\wordpress\wp-content\plugins\GestionMasters\GestionMasters.php on line 11
[01-Sep-2025 12:37:43 Africa/Tunis] PHP Warning:  Undefined variable $email in C:\laragon\www\wordpress\wp-content\plugins\secure-login\includes\login-handler.php on line 4
[01-Sep-2025 11:38:09 UTC] PHP Warning:  Constant GE_MODULE already defined in C:\laragon\www\wordpress\wp-content\plugins\GestionMasters\GestionMasters.php on line 11
[01-Sep-2025 12:38:09 Africa/Tunis] PHP Warning:  Undefined variable $email in C:\laragon\www\wordpress\wp-content\plugins\secure-login\includes\login-handler.php on line 4
[01-Sep-2025 11:38:09 UTC] PHP Warning:  Constant GE_MODULE already defined in C:\laragon\www\wordpress\wp-content\plugins\GestionMasters\GestionMasters.php on line 11
[01-Sep-2025 12:38:09 Africa/Tunis] PHP Warning:  Undefined variable $email in C:\laragon\www\wordpress\wp-content\plugins\secure-login\includes\login-handler.php on line 4
[01-Sep-2025 11:38:21 UTC] PHP Warning:  Constant GE_MODULE already defined in C:\laragon\www\wordpress\wp-content\plugins\GestionMasters\GestionMasters.php on line 11
[01-Sep-2025 12:38:21 Africa/Tunis] PHP Warning:  Undefined variable $email in C:\laragon\www\wordpress\wp-content\plugins\secure-login\includes\login-handler.php on line 4
[01-Sep-2025 11:38:21 UTC] PHP Warning:  Constant GE_MODULE already defined in C:\laragon\www\wordpress\wp-content\plugins\GestionMasters\GestionMasters.php on line 11
[01-Sep-2025 12:38:22 Africa/Tunis] PHP Warning:  Undefined variable $email in C:\laragon\www\wordpress\wp-content\plugins\secure-login\includes\login-handler.php on line 4
[01-Sep-2025 11:38:27 UTC] PHP Warning:  Constant GE_MODULE already defined in C:\laragon\www\wordpress\wp-content\plugins\GestionMasters\GestionMasters.php on line 11
[01-Sep-2025 12:38:27 Africa/Tunis] PHP Warning:  Undefined variable $email in C:\laragon\www\wordpress\wp-content\plugins\secure-login\includes\login-handler.php on line 4
[01-Sep-2025 12:38:28 Africa/Tunis] PHP Deprecated:  Le fichier class-phpmailer.php est <strong>obsolète</strong> depuis la version 5.5.0 ! Utilisez wp-includes/PHPMailer/PHPMailer.php à la place. The PHPMailer class has been moved to wp-includes/PHPMailer subdirectory and now uses the PHPMailer\PHPMailer namespace. in C:\laragon\www\wordpress\wp-includes\functions.php on line 6121
[01-Sep-2025 12:38:28 Africa/Tunis] PHP Deprecated:  Le fichier class-smtp.php est <strong>obsolète</strong> depuis la version 5.5.0 ! Utilisez wp-includes/PHPMailer/SMTP.php à la place. The SMTP class has been moved to the wp-includes/PHPMailer subdirectory and now uses the PHPMailer\PHPMailer namespace. in C:\laragon\www\wordpress\wp-includes\functions.php on line 6121
[01-Sep-2025 11:38:47 UTC] PHP Warning:  Constant GE_MODULE already defined in C:\laragon\www\wordpress\wp-content\plugins\GestionMasters\GestionMasters.php on line 11
[01-Sep-2025 12:38:47 Africa/Tunis] PHP Warning:  Undefined variable $email in C:\laragon\www\wordpress\wp-content\plugins\secure-login\includes\login-handler.php on line 4
[01-Sep-2025 11:38:47 UTC] PHP Warning:  Constant GE_MODULE already defined in C:\laragon\www\wordpress\wp-content\plugins\GestionMasters\GestionMasters.php on line 11
[01-Sep-2025 12:38:47 Africa/Tunis] PHP Warning:  Undefined variable $email in C:\laragon\www\wordpress\wp-content\plugins\secure-login\includes\login-handler.php on line 4
[01-Sep-2025 11:38:50 UTC] PHP Warning:  Constant GE_MODULE already defined in C:\laragon\www\wordpress\wp-content\plugins\GestionMasters\GestionMasters.php on line 11
[01-Sep-2025 12:38:50 Africa/Tunis] PHP Warning:  Undefined variable $email in C:\laragon\www\wordpress\wp-content\plugins\secure-login\includes\login-handler.php on line 4
[01-Sep-2025 11:38:51 UTC] PHP Warning:  Constant GE_MODULE already defined in C:\laragon\www\wordpress\wp-content\plugins\GestionMasters\GestionMasters.php on line 11
[01-Sep-2025 12:38:51 Africa/Tunis] PHP Warning:  Undefined variable $email in C:\laragon\www\wordpress\wp-content\plugins\secure-login\includes\login-handler.php on line 4
[01-Sep-2025 11:39:03 UTC] PHP Warning:  Constant GE_MODULE already defined in C:\laragon\www\wordpress\wp-content\plugins\GestionMasters\GestionMasters.php on line 11
[01-Sep-2025 12:39:03 Africa/Tunis] PHP Warning:  Undefined variable $email in C:\laragon\www\wordpress\wp-content\plugins\secure-login\includes\login-handler.php on line 4
[01-Sep-2025 11:39:04 UTC] PHP Warning:  Constant GE_MODULE already defined in C:\laragon\www\wordpress\wp-content\plugins\GestionMasters\GestionMasters.php on line 11
[01-Sep-2025 12:39:04 Africa/Tunis] PHP Warning:  Undefined variable $email in C:\laragon\www\wordpress\wp-content\plugins\secure-login\includes\login-handler.php on line 4
[01-Sep-2025 12:39:04 Africa/Tunis] PHP Warning:  Undefined variable $parent_link in C:\laragon\www\wordpress\wp-content\plugins\plateforme-master\Modules\LaboRecherche\pages\components\Dashboard-Bar.php on line 110
[01-Sep-2025 12:39:04 Africa/Tunis] PHP Deprecated:  ltrim(): Passing null to parameter #1 ($string) of type string is deprecated in C:\laragon\www\wordpress\wp-includes\formatting.php on line 4486
[01-Sep-2025 12:39:04 Africa/Tunis] PHP Warning:  Undefined variable $parent_title in C:\laragon\www\wordpress\wp-content\plugins\plateforme-master\Modules\LaboRecherche\pages\components\Dashboard-Bar.php on line 110
[01-Sep-2025 12:39:04 Africa/Tunis] PHP Warning:  include(components/scripts.php): Failed to open stream: No such file or directory in C:\laragon\www\wordpress\wp-content\plugins\plateforme-master\Modules\LaboRecherche\pages\DashboardDirecteurLabo.php on line 89
[01-Sep-2025 12:39:04 Africa/Tunis] PHP Warning:  include(): Failed opening 'components/scripts.php' for inclusion (include_path='.;C:/laragon/etc/php/pear') in C:\laragon\www\wordpress\wp-content\plugins\plateforme-master\Modules\LaboRecherche\pages\DashboardDirecteurLabo.php on line 89
[01-Sep-2025 11:39:04 UTC] PHP Warning:  Constant GE_MODULE already defined in C:\laragon\www\wordpress\wp-content\plugins\GestionMasters\GestionMasters.php on line 11
[01-Sep-2025 11:39:04 UTC] PHP Warning:  Constant GE_MODULE already defined in C:\laragon\www\wordpress\wp-content\plugins\GestionMasters\GestionMasters.php on line 11
[01-Sep-2025 12:39:04 Africa/Tunis] PHP Warning:  Undefined variable $email in C:\laragon\www\wordpress\wp-content\plugins\secure-login\includes\login-handler.php on line 4
[01-Sep-2025 12:39:04 Africa/Tunis] PHP Warning:  Undefined variable $email in C:\laragon\www\wordpress\wp-content\plugins\secure-login\includes\login-handler.php on line 4
[01-Sep-2025 11:39:04 UTC] PHP Warning:  Constant GE_MODULE already defined in C:\laragon\www\wordpress\wp-content\plugins\GestionMasters\GestionMasters.php on line 11
[01-Sep-2025 11:39:05 UTC] PHP Warning:  Constant GE_MODULE already defined in C:\laragon\www\wordpress\wp-content\plugins\GestionMasters\GestionMasters.php on line 11
[01-Sep-2025 12:39:05 Africa/Tunis] PHP Warning:  Undefined variable $email in C:\laragon\www\wordpress\wp-content\plugins\secure-login\includes\login-handler.php on line 4
[01-Sep-2025 12:39:05 Africa/Tunis] PHP Warning:  Undefined variable $email in C:\laragon\www\wordpress\wp-content\plugins\secure-login\includes\login-handler.php on line 4
[01-Sep-2025 11:39:05 UTC] PHP Warning:  Constant GE_MODULE already defined in C:\laragon\www\wordpress\wp-content\plugins\GestionMasters\GestionMasters.php on line 11
[01-Sep-2025 12:39:05 Africa/Tunis] PHP Warning:  Undefined variable $email in C:\laragon\www\wordpress\wp-content\plugins\secure-login\includes\login-handler.php on line 4
[01-Sep-2025 11:39:05 UTC] PHP Warning:  Constant GE_MODULE already defined in C:\laragon\www\wordpress\wp-content\plugins\GestionMasters\GestionMasters.php on line 11
[01-Sep-2025 12:39:06 Africa/Tunis] PHP Warning:  Undefined variable $email in C:\laragon\www\wordpress\wp-content\plugins\secure-login\includes\login-handler.php on line 4
[01-Sep-2025 11:39:06 UTC] PHP Warning:  Constant GE_MODULE already defined in C:\laragon\www\wordpress\wp-content\plugins\GestionMasters\GestionMasters.php on line 11
[01-Sep-2025 11:39:06 UTC] PHP Warning:  Constant GE_MODULE already defined in C:\laragon\www\wordpress\wp-content\plugins\GestionMasters\GestionMasters.php on line 11
[01-Sep-2025 12:39:06 Africa/Tunis] PHP Warning:  Undefined variable $email in C:\laragon\www\wordpress\wp-content\plugins\secure-login\includes\login-handler.php on line 4
[01-Sep-2025 12:39:06 Africa/Tunis] PHP Warning:  Undefined variable $email in C:\laragon\www\wordpress\wp-content\plugins\secure-login\includes\login-handler.php on line 4
[01-Sep-2025 11:39:06 UTC] PHP Warning:  Constant GE_MODULE already defined in C:\laragon\www\wordpress\wp-content\plugins\GestionMasters\GestionMasters.php on line 11
[01-Sep-2025 11:39:06 UTC] PHP Warning:  Constant GE_MODULE already defined in C:\laragon\www\wordpress\wp-content\plugins\GestionMasters\GestionMasters.php on line 11
[01-Sep-2025 12:39:07 Africa/Tunis] PHP Warning:  Undefined variable $email in C:\laragon\www\wordpress\wp-content\plugins\secure-login\includes\login-handler.php on line 4
[01-Sep-2025 12:39:07 Africa/Tunis] PHP Warning:  Undefined variable $email in C:\laragon\www\wordpress\wp-content\plugins\secure-login\includes\login-handler.php on line 4
[01-Sep-2025 11:39:07 UTC] PHP Warning:  Constant GE_MODULE already defined in C:\laragon\www\wordpress\wp-content\plugins\GestionMasters\GestionMasters.php on line 11
[01-Sep-2025 12:39:07 Africa/Tunis] PHP Warning:  Undefined variable $email in C:\laragon\www\wordpress\wp-content\plugins\secure-login\includes\login-handler.php on line 4
[01-Sep-2025 11:39:07 UTC] PHP Warning:  Constant GE_MODULE already defined in C:\laragon\www\wordpress\wp-content\plugins\GestionMasters\GestionMasters.php on line 11
[01-Sep-2025 12:39:07 Africa/Tunis] PHP Warning:  Undefined variable $email in C:\laragon\www\wordpress\wp-content\plugins\secure-login\includes\login-handler.php on line 4
[01-Sep-2025 11:39:08 UTC] PHP Warning:  Constant GE_MODULE already defined in C:\laragon\www\wordpress\wp-content\plugins\GestionMasters\GestionMasters.php on line 11
[01-Sep-2025 12:39:08 Africa/Tunis] PHP Warning:  Undefined variable $email in C:\laragon\www\wordpress\wp-content\plugins\secure-login\includes\login-handler.php on line 4
[01-Sep-2025 11:39:08 UTC] PHP Warning:  Constant GE_MODULE already defined in C:\laragon\www\wordpress\wp-content\plugins\GestionMasters\GestionMasters.php on line 11
[01-Sep-2025 12:39:08 Africa/Tunis] PHP Warning:  Undefined variable $email in C:\laragon\www\wordpress\wp-content\plugins\secure-login\includes\login-handler.php on line 4
[01-Sep-2025 11:39:18 UTC] PHP Warning:  Constant GE_MODULE already defined in C:\laragon\www\wordpress\wp-content\plugins\GestionMasters\GestionMasters.php on line 11
[01-Sep-2025 12:39:18 Africa/Tunis] PHP Warning:  Undefined variable $email in C:\laragon\www\wordpress\wp-content\plugins\secure-login\includes\login-handler.php on line 4
[01-Sep-2025 12:39:18 Africa/Tunis] PHP Warning:  Undefined variable $parent_link in C:\laragon\www\wordpress\wp-content\plugins\plateforme-master\Modules\LaboRecherche\pages\components\Dashboard-Bar.php on line 110
[01-Sep-2025 12:39:18 Africa/Tunis] PHP Deprecated:  ltrim(): Passing null to parameter #1 ($string) of type string is deprecated in C:\laragon\www\wordpress\wp-includes\formatting.php on line 4486
[01-Sep-2025 12:39:18 Africa/Tunis] PHP Warning:  Undefined variable $parent_title in C:\laragon\www\wordpress\wp-content\plugins\plateforme-master\Modules\LaboRecherche\pages\components\Dashboard-Bar.php on line 110
[01-Sep-2025 12:39:18 Africa/Tunis] PHP Warning:  include(components/scripts.php): Failed to open stream: No such file or directory in C:\laragon\www\wordpress\wp-content\plugins\plateforme-master\Modules\LaboRecherche\pages\DashboardDirecteurLabo.php on line 89
[01-Sep-2025 12:39:18 Africa/Tunis] PHP Warning:  include(): Failed opening 'components/scripts.php' for inclusion (include_path='.;C:/laragon/etc/php/pear') in C:\laragon\www\wordpress\wp-content\plugins\plateforme-master\Modules\LaboRecherche\pages\DashboardDirecteurLabo.php on line 89
[01-Sep-2025 11:39:19 UTC] PHP Warning:  Constant GE_MODULE already defined in C:\laragon\www\wordpress\wp-content\plugins\GestionMasters\GestionMasters.php on line 11
[01-Sep-2025 11:39:19 UTC] PHP Warning:  Constant GE_MODULE already defined in C:\laragon\www\wordpress\wp-content\plugins\GestionMasters\GestionMasters.php on line 11
[01-Sep-2025 12:39:19 Africa/Tunis] PHP Warning:  Undefined variable $email in C:\laragon\www\wordpress\wp-content\plugins\secure-login\includes\login-handler.php on line 4
[01-Sep-2025 12:39:19 Africa/Tunis] PHP Warning:  Undefined variable $email in C:\laragon\www\wordpress\wp-content\plugins\secure-login\includes\login-handler.php on line 4
[01-Sep-2025 11:39:19 UTC] PHP Warning:  Constant GE_MODULE already defined in C:\laragon\www\wordpress\wp-content\plugins\GestionMasters\GestionMasters.php on line 11
[01-Sep-2025 11:39:19 UTC] PHP Warning:  Constant GE_MODULE already defined in C:\laragon\www\wordpress\wp-content\plugins\GestionMasters\GestionMasters.php on line 11
[01-Sep-2025 12:39:19 Africa/Tunis] PHP Warning:  Undefined variable $email in C:\laragon\www\wordpress\wp-content\plugins\secure-login\includes\login-handler.php on line 4
[01-Sep-2025 12:39:19 Africa/Tunis] PHP Warning:  Undefined variable $email in C:\laragon\www\wordpress\wp-content\plugins\secure-login\includes\login-handler.php on line 4
[01-Sep-2025 11:39:20 UTC] PHP Warning:  Constant GE_MODULE already defined in C:\laragon\www\wordpress\wp-content\plugins\GestionMasters\GestionMasters.php on line 11
[01-Sep-2025 11:39:20 UTC] PHP Warning:  Constant GE_MODULE already defined in C:\laragon\www\wordpress\wp-content\plugins\GestionMasters\GestionMasters.php on line 11
[01-Sep-2025 12:39:20 Africa/Tunis] PHP Warning:  Undefined variable $email in C:\laragon\www\wordpress\wp-content\plugins\secure-login\includes\login-handler.php on line 4
[01-Sep-2025 12:39:20 Africa/Tunis] PHP Warning:  Undefined variable $email in C:\laragon\www\wordpress\wp-content\plugins\secure-login\includes\login-handler.php on line 4
[01-Sep-2025 11:39:20 UTC] PHP Warning:  Constant GE_MODULE already defined in C:\laragon\www\wordpress\wp-content\plugins\GestionMasters\GestionMasters.php on line 11
[01-Sep-2025 11:39:20 UTC] PHP Warning:  Constant GE_MODULE already defined in C:\laragon\www\wordpress\wp-content\plugins\GestionMasters\GestionMasters.php on line 11
[01-Sep-2025 12:39:20 Africa/Tunis] PHP Warning:  Undefined variable $email in C:\laragon\www\wordpress\wp-content\plugins\secure-login\includes\login-handler.php on line 4
[01-Sep-2025 12:39:20 Africa/Tunis] PHP Warning:  Undefined variable $email in C:\laragon\www\wordpress\wp-content\plugins\secure-login\includes\login-handler.php on line 4
[01-Sep-2025 11:39:20 UTC] PHP Warning:  Constant GE_MODULE already defined in C:\laragon\www\wordpress\wp-content\plugins\GestionMasters\GestionMasters.php on line 11
[01-Sep-2025 11:39:21 UTC] PHP Warning:  Constant GE_MODULE already defined in C:\laragon\www\wordpress\wp-content\plugins\GestionMasters\GestionMasters.php on line 11
[01-Sep-2025 12:39:21 Africa/Tunis] PHP Warning:  Undefined variable $email in C:\laragon\www\wordpress\wp-content\plugins\secure-login\includes\login-handler.php on line 4
[01-Sep-2025 12:39:21 Africa/Tunis] PHP Warning:  Undefined variable $email in C:\laragon\www\wordpress\wp-content\plugins\secure-login\includes\login-handler.php on line 4
[01-Sep-2025 11:39:21 UTC] PHP Warning:  Constant GE_MODULE already defined in C:\laragon\www\wordpress\wp-content\plugins\GestionMasters\GestionMasters.php on line 11
[01-Sep-2025 11:39:21 UTC] PHP Warning:  Constant GE_MODULE already defined in C:\laragon\www\wordpress\wp-content\plugins\GestionMasters\GestionMasters.php on line 11
[01-Sep-2025 12:39:21 Africa/Tunis] PHP Warning:  Undefined variable $email in C:\laragon\www\wordpress\wp-content\plugins\secure-login\includes\login-handler.php on line 4
[01-Sep-2025 12:39:21 Africa/Tunis] PHP Warning:  Undefined variable $email in C:\laragon\www\wordpress\wp-content\plugins\secure-login\includes\login-handler.php on line 4
[01-Sep-2025 11:39:21 UTC] PHP Warning:  Constant GE_MODULE already defined in C:\laragon\www\wordpress\wp-content\plugins\GestionMasters\GestionMasters.php on line 11
[01-Sep-2025 11:39:21 UTC] PHP Warning:  Constant GE_MODULE already defined in C:\laragon\www\wordpress\wp-content\plugins\GestionMasters\GestionMasters.php on line 11
[01-Sep-2025 12:39:22 Africa/Tunis] PHP Warning:  Undefined variable $email in C:\laragon\www\wordpress\wp-content\plugins\secure-login\includes\login-handler.php on line 4
[01-Sep-2025 12:39:22 Africa/Tunis] PHP Warning:  Undefined variable $email in C:\laragon\www\wordpress\wp-content\plugins\secure-login\includes\login-handler.php on line 4
[02-Sep-2025 09:01:11 UTC] PHP Warning:  Constant GE_MODULE already defined in C:\laragon\www\wordpress\wp-content\plugins\GestionMasters\GestionMasters.php on line 11
[02-Sep-2025 10:01:11 Africa/Tunis] PHP Warning:  require_once(C:\laragon\www\wordpress\wp-content\plugins\plateforme-master\includes\recherche/services_directeurderecherche.php): Failed to open stream: No such file or directory in C:\laragon\www\wordpress\wp-content\plugins\plateforme-master\includes\recherche\api_directeurderecherche2.php on line 12
[02-Sep-2025 10:01:11 Africa/Tunis] PHP Fatal error:  Uncaught Error: Failed opening required 'C:\laragon\www\wordpress\wp-content\plugins\plateforme-master\includes\recherche/services_directeurderecherche.php' (include_path='.;C:/laragon/etc/php/pear') in C:\laragon\www\wordpress\wp-content\plugins\plateforme-master\includes\recherche\api_directeurderecherche2.php:12
Stack trace:
#0 C:\laragon\www\wordpress\wp-content\plugins\plateforme-master\plateforme-master.php(22): require_once()
#1 C:\laragon\www\wordpress\wp-settings.php(545): include_once('C:\\laragon\\www\\...')
#2 C:\laragon\www\wordpress\wp-config.php(107): require_once('C:\\laragon\\www\\...')
#3 C:\laragon\www\wordpress\wp-load.php(50): require_once('C:\\laragon\\www\\...')
#4 C:\laragon\www\wordpress\wp-admin\admin-ajax.php(22): require_once('C:\\laragon\\www\\...')
#5 {main}
  thrown in C:\laragon\www\wordpress\wp-content\plugins\plateforme-master\includes\recherche\api_directeurderecherche2.php on line 12
[02-Sep-2025 09:01:11 UTC] PHP Warning:  Constant GE_MODULE already defined in C:\laragon\www\wordpress\wp-content\plugins\GestionMasters\GestionMasters.php on line 11
[02-Sep-2025 10:01:11 Africa/Tunis] PHP Warning:  require_once(C:\laragon\www\wordpress\wp-content\plugins\plateforme-master\includes\recherche/services_directeurderecherche.php): Failed to open stream: No such file or directory in C:\laragon\www\wordpress\wp-content\plugins\plateforme-master\includes\recherche\api_directeurderecherche2.php on line 12
[02-Sep-2025 10:01:11 Africa/Tunis] PHP Fatal error:  Uncaught Error: Failed opening required 'C:\laragon\www\wordpress\wp-content\plugins\plateforme-master\includes\recherche/services_directeurderecherche.php' (include_path='.;C:/laragon/etc/php/pear') in C:\laragon\www\wordpress\wp-content\plugins\plateforme-master\includes\recherche\api_directeurderecherche2.php:12
Stack trace:
#0 C:\laragon\www\wordpress\wp-content\plugins\plateforme-master\plateforme-master.php(22): require_once()
#1 C:\laragon\www\wordpress\wp-settings.php(545): include_once('C:\\laragon\\www\\...')
#2 C:\laragon\www\wordpress\wp-config.php(107): require_once('C:\\laragon\\www\\...')
#3 C:\laragon\www\wordpress\wp-load.php(50): require_once('C:\\laragon\\www\\...')
#4 C:\laragon\www\wordpress\wp-blog-header.php(13): require_once('C:\\laragon\\www\\...')
#5 C:\laragon\www\wordpress\index.php(17): require('C:\\laragon\\www\\...')
#6 {main}
  thrown in C:\laragon\www\wordpress\wp-content\plugins\plateforme-master\includes\recherche\api_directeurderecherche2.php on line 12
[02-Sep-2025 09:02:33 UTC] PHP Warning:  Constant GE_MODULE already defined in C:\laragon\www\wordpress\wp-content\plugins\GestionMasters\GestionMasters.php on line 11
[02-Sep-2025 10:02:33 Africa/Tunis] PHP Warning:  require_once(C:\laragon\www\wordpress\wp-content\plugins\plateforme-master\includes\recherche/services_directeurderecherche.php): Failed to open stream: No such file or directory in C:\laragon\www\wordpress\wp-content\plugins\plateforme-master\includes\recherche\api_directeurderecherche2.php on line 12
[02-Sep-2025 10:02:33 Africa/Tunis] PHP Fatal error:  Uncaught Error: Failed opening required 'C:\laragon\www\wordpress\wp-content\plugins\plateforme-master\includes\recherche/services_directeurderecherche.php' (include_path='.;C:/laragon/etc/php/pear') in C:\laragon\www\wordpress\wp-content\plugins\plateforme-master\includes\recherche\api_directeurderecherche2.php:12
Stack trace:
#0 C:\laragon\www\wordpress\wp-content\plugins\plateforme-master\plateforme-master.php(22): require_once()
#1 C:\laragon\www\wordpress\wp-settings.php(545): include_once('C:\\laragon\\www\\...')
#2 C:\laragon\www\wordpress\wp-config.php(107): require_once('C:\\laragon\\www\\...')
#3 C:\laragon\www\wordpress\wp-load.php(50): require_once('C:\\laragon\\www\\...')
#4 C:\laragon\www\wordpress\wp-admin\admin-ajax.php(22): require_once('C:\\laragon\\www\\...')
#5 {main}
  thrown in C:\laragon\www\wordpress\wp-content\plugins\plateforme-master\includes\recherche\api_directeurderecherche2.php on line 12
[02-Sep-2025 09:02:46 UTC] PHP Warning:  Constant GE_MODULE already defined in C:\laragon\www\wordpress\wp-content\plugins\GestionMasters\GestionMasters.php on line 11
[02-Sep-2025 10:02:46 Africa/Tunis] PHP Warning:  require_once(C:\laragon\www\wordpress\wp-content\plugins\plateforme-master\includes\recherche/services_directeurderecherche.php): Failed to open stream: No such file or directory in C:\laragon\www\wordpress\wp-content\plugins\plateforme-master\includes\recherche\api_directeurderecherche2.php on line 12
[02-Sep-2025 10:02:46 Africa/Tunis] PHP Fatal error:  Uncaught Error: Failed opening required 'C:\laragon\www\wordpress\wp-content\plugins\plateforme-master\includes\recherche/services_directeurderecherche.php' (include_path='.;C:/laragon/etc/php/pear') in C:\laragon\www\wordpress\wp-content\plugins\plateforme-master\includes\recherche\api_directeurderecherche2.php:12
Stack trace:
#0 C:\laragon\www\wordpress\wp-content\plugins\plateforme-master\plateforme-master.php(22): require_once()
#1 C:\laragon\www\wordpress\wp-settings.php(545): include_once('C:\\laragon\\www\\...')
#2 C:\laragon\www\wordpress\wp-config.php(107): require_once('C:\\laragon\\www\\...')
#3 C:\laragon\www\wordpress\wp-load.php(50): require_once('C:\\laragon\\www\\...')
#4 C:\laragon\www\wordpress\wp-blog-header.php(13): require_once('C:\\laragon\\www\\...')
#5 C:\laragon\www\wordpress\index.php(17): require('C:\\laragon\\www\\...')
#6 {main}
  thrown in C:\laragon\www\wordpress\wp-content\plugins\plateforme-master\includes\recherche\api_directeurderecherche2.php on line 12
[02-Sep-2025 09:03:02 UTC] PHP Warning:  Constant GE_MODULE already defined in C:\laragon\www\wordpress\wp-content\plugins\GestionMasters\GestionMasters.php on line 11
[02-Sep-2025 10:03:02 Africa/Tunis] PHP Warning:  require_once(C:\laragon\www\wordpress\wp-content\plugins\plateforme-master\includes\recherche/services_directeurderecherche.php): Failed to open stream: No such file or directory in C:\laragon\www\wordpress\wp-content\plugins\plateforme-master\includes\recherche\api_directeurderecherche2.php on line 12
[02-Sep-2025 10:03:02 Africa/Tunis] PHP Fatal error:  Uncaught Error: Failed opening required 'C:\laragon\www\wordpress\wp-content\plugins\plateforme-master\includes\recherche/services_directeurderecherche.php' (include_path='.;C:/laragon/etc/php/pear') in C:\laragon\www\wordpress\wp-content\plugins\plateforme-master\includes\recherche\api_directeurderecherche2.php:12
Stack trace:
#0 C:\laragon\www\wordpress\wp-content\plugins\plateforme-master\plateforme-master.php(22): require_once()
#1 C:\laragon\www\wordpress\wp-settings.php(545): include_once('C:\\laragon\\www\\...')
#2 C:\laragon\www\wordpress\wp-config.php(107): require_once('C:\\laragon\\www\\...')
#3 C:\laragon\www\wordpress\wp-load.php(50): require_once('C:\\laragon\\www\\...')
#4 C:\laragon\www\wordpress\wp-blog-header.php(13): require_once('C:\\laragon\\www\\...')
#5 C:\laragon\www\wordpress\index.php(17): require('C:\\laragon\\www\\...')
#6 {main}
  thrown in C:\laragon\www\wordpress\wp-content\plugins\plateforme-master\includes\recherche\api_directeurderecherche2.php on line 12
[02-Sep-2025 09:03:34 UTC] PHP Warning:  Constant GE_MODULE already defined in C:\laragon\www\wordpress\wp-content\plugins\GestionMasters\GestionMasters.php on line 11
[02-Sep-2025 10:03:44 Africa/Tunis] PHP Warning:  Undefined variable $email in C:\laragon\www\wordpress\wp-content\plugins\secure-login\includes\login-handler.php on line 4
[02-Sep-2025 09:03:44 UTC] PHP Warning:  Constant GE_MODULE already defined in C:\laragon\www\wordpress\wp-content\plugins\GestionMasters\GestionMasters.php on line 11
[02-Sep-2025 10:03:44 Africa/Tunis] PHP Warning:  Undefined variable $email in C:\laragon\www\wordpress\wp-content\plugins\secure-login\includes\login-handler.php on line 4
[02-Sep-2025 09:04:36 UTC] PHP Warning:  Constant GE_MODULE already defined in C:\laragon\www\wordpress\wp-content\plugins\GestionMasters\GestionMasters.php on line 11
[02-Sep-2025 10:04:36 Africa/Tunis] PHP Warning:  Undefined variable $email in C:\laragon\www\wordpress\wp-content\plugins\secure-login\includes\login-handler.php on line 4
[02-Sep-2025 09:04:44 UTC] PHP Warning:  Constant GE_MODULE already defined in C:\laragon\www\wordpress\wp-content\plugins\GestionMasters\GestionMasters.php on line 11
[02-Sep-2025 10:04:45 Africa/Tunis] PHP Warning:  Undefined variable $email in C:\laragon\www\wordpress\wp-content\plugins\secure-login\includes\login-handler.php on line 4
[02-Sep-2025 09:04:45 UTC] PHP Warning:  Constant GE_MODULE already defined in C:\laragon\www\wordpress\wp-content\plugins\GestionMasters\GestionMasters.php on line 11
[02-Sep-2025 10:04:45 Africa/Tunis] PHP Warning:  Undefined variable $email in C:\laragon\www\wordpress\wp-content\plugins\secure-login\includes\login-handler.php on line 4
[02-Sep-2025 10:04:45 Africa/Tunis] PHP Deprecated:  strpos(): Passing null to parameter #1 ($haystack) of type string is deprecated in C:\laragon\www\wordpress\wp-includes\functions.php on line 7360
[02-Sep-2025 10:04:45 Africa/Tunis] PHP Deprecated:  str_replace(): Passing null to parameter #3 ($subject) of type array|string is deprecated in C:\laragon\www\wordpress\wp-includes\functions.php on line 2195
[02-Sep-2025 09:10:10 UTC] PHP Warning:  Constant GE_MODULE already defined in C:\laragon\www\wordpress\wp-content\plugins\GestionMasters\GestionMasters.php on line 11
[02-Sep-2025 10:10:10 Africa/Tunis] PHP Warning:  Undefined variable $email in C:\laragon\www\wordpress\wp-content\plugins\secure-login\includes\login-handler.php on line 4
[02-Sep-2025 09:10:10 UTC] PHP Warning:  Constant GE_MODULE already defined in C:\laragon\www\wordpress\wp-content\plugins\GestionMasters\GestionMasters.php on line 11
[02-Sep-2025 10:10:10 Africa/Tunis] PHP Warning:  Undefined variable $email in C:\laragon\www\wordpress\wp-content\plugins\secure-login\includes\login-handler.php on line 4
[02-Sep-2025 09:10:21 UTC] PHP Warning:  Constant GE_MODULE already defined in C:\laragon\www\wordpress\wp-content\plugins\GestionMasters\GestionMasters.php on line 11
[02-Sep-2025 10:10:21 Africa/Tunis] PHP Warning:  Undefined variable $email in C:\laragon\www\wordpress\wp-content\plugins\secure-login\includes\login-handler.php on line 4
[02-Sep-2025 09:10:21 UTC] PHP Warning:  Constant GE_MODULE already defined in C:\laragon\www\wordpress\wp-content\plugins\GestionMasters\GestionMasters.php on line 11
[02-Sep-2025 10:10:21 Africa/Tunis] PHP Warning:  Undefined variable $email in C:\laragon\www\wordpress\wp-content\plugins\secure-login\includes\login-handler.php on line 4
[02-Sep-2025 09:10:25 UTC] PHP Warning:  Constant GE_MODULE already defined in C:\laragon\www\wordpress\wp-content\plugins\GestionMasters\GestionMasters.php on line 11
[02-Sep-2025 10:10:25 Africa/Tunis] PHP Warning:  Undefined variable $email in C:\laragon\www\wordpress\wp-content\plugins\secure-login\includes\login-handler.php on line 4
[02-Sep-2025 09:10:25 UTC] PHP Warning:  Constant GE_MODULE already defined in C:\laragon\www\wordpress\wp-content\plugins\GestionMasters\GestionMasters.php on line 11
[02-Sep-2025 10:10:25 Africa/Tunis] PHP Warning:  Undefined variable $email in C:\laragon\www\wordpress\wp-content\plugins\secure-login\includes\login-handler.php on line 4
[02-Sep-2025 10:10:26 Africa/Tunis] PHP Deprecated:  strpos(): Passing null to parameter #1 ($haystack) of type string is deprecated in C:\laragon\www\wordpress\wp-includes\functions.php on line 7360
[02-Sep-2025 10:10:26 Africa/Tunis] PHP Deprecated:  str_replace(): Passing null to parameter #3 ($subject) of type array|string is deprecated in C:\laragon\www\wordpress\wp-includes\functions.php on line 2195
[02-Sep-2025 09:10:27 UTC] PHP Warning:  Constant GE_MODULE already defined in C:\laragon\www\wordpress\wp-content\plugins\GestionMasters\GestionMasters.php on line 11
[02-Sep-2025 09:10:27 UTC] PHP Warning:  Constant GE_MODULE already defined in C:\laragon\www\wordpress\wp-content\plugins\GestionMasters\GestionMasters.php on line 11
[02-Sep-2025 10:10:27 Africa/Tunis] PHP Warning:  Undefined variable $email in C:\laragon\www\wordpress\wp-content\plugins\secure-login\includes\login-handler.php on line 4
[02-Sep-2025 10:10:28 Africa/Tunis] PHP Warning:  Undefined variable $email in C:\laragon\www\wordpress\wp-content\plugins\secure-login\includes\login-handler.php on line 4
[02-Sep-2025 09:10:30 UTC] PHP Warning:  Constant GE_MODULE already defined in C:\laragon\www\wordpress\wp-content\plugins\GestionMasters\GestionMasters.php on line 11
[02-Sep-2025 10:10:30 Africa/Tunis] PHP Warning:  Undefined variable $email in C:\laragon\www\wordpress\wp-content\plugins\secure-login\includes\login-handler.php on line 4
[02-Sep-2025 09:10:35 UTC] PHP Warning:  Constant GE_MODULE already defined in C:\laragon\www\wordpress\wp-content\plugins\GestionMasters\GestionMasters.php on line 11
[02-Sep-2025 10:10:35 Africa/Tunis] PHP Warning:  Undefined variable $email in C:\laragon\www\wordpress\wp-content\plugins\secure-login\includes\login-handler.php on line 4
[02-Sep-2025 10:10:35 Africa/Tunis] PHP Deprecated:  Le fichier class-phpmailer.php est <strong>obsolète</strong> depuis la version 5.5.0 ! Utilisez wp-includes/PHPMailer/PHPMailer.php à la place. The PHPMailer class has been moved to wp-includes/PHPMailer subdirectory and now uses the PHPMailer\PHPMailer namespace. in C:\laragon\www\wordpress\wp-includes\functions.php on line 6121
[02-Sep-2025 10:10:35 Africa/Tunis] PHP Deprecated:  Le fichier class-smtp.php est <strong>obsolète</strong> depuis la version 5.5.0 ! Utilisez wp-includes/PHPMailer/SMTP.php à la place. The SMTP class has been moved to the wp-includes/PHPMailer subdirectory and now uses the PHPMailer\PHPMailer namespace. in C:\laragon\www\wordpress\wp-includes\functions.php on line 6121
[02-Sep-2025 09:10:58 UTC] PHP Warning:  Constant GE_MODULE already defined in C:\laragon\www\wordpress\wp-content\plugins\GestionMasters\GestionMasters.php on line 11
[02-Sep-2025 10:10:58 Africa/Tunis] PHP Warning:  Undefined variable $email in C:\laragon\www\wordpress\wp-content\plugins\secure-login\includes\login-handler.php on line 4
[02-Sep-2025 09:10:59 UTC] PHP Warning:  Constant GE_MODULE already defined in C:\laragon\www\wordpress\wp-content\plugins\GestionMasters\GestionMasters.php on line 11
[02-Sep-2025 10:10:59 Africa/Tunis] PHP Warning:  Undefined variable $email in C:\laragon\www\wordpress\wp-content\plugins\secure-login\includes\login-handler.php on line 4
[02-Sep-2025 09:10:59 UTC] PHP Warning:  Constant GE_MODULE already defined in C:\laragon\www\wordpress\wp-content\plugins\GestionMasters\GestionMasters.php on line 11
[02-Sep-2025 10:10:59 Africa/Tunis] PHP Warning:  Undefined variable $email in C:\laragon\www\wordpress\wp-content\plugins\secure-login\includes\login-handler.php on line 4
[02-Sep-2025 10:10:59 Africa/Tunis] PHP Warning:  Undefined variable $parent_link in C:\laragon\www\wordpress\wp-content\plugins\plateforme-master\Modules\LaboRecherche\pages\components\Dashboard-Bar.php on line 110
[02-Sep-2025 10:10:59 Africa/Tunis] PHP Deprecated:  ltrim(): Passing null to parameter #1 ($string) of type string is deprecated in C:\laragon\www\wordpress\wp-includes\formatting.php on line 4486
[02-Sep-2025 10:10:59 Africa/Tunis] PHP Warning:  Undefined variable $parent_title in C:\laragon\www\wordpress\wp-content\plugins\plateforme-master\Modules\LaboRecherche\pages\components\Dashboard-Bar.php on line 110
[02-Sep-2025 10:10:59 Africa/Tunis] PHP Warning:  include(components/scripts.php): Failed to open stream: No such file or directory in C:\laragon\www\wordpress\wp-content\plugins\plateforme-master\Modules\LaboRecherche\pages\DashboardDirecteurLabo.php on line 89
[02-Sep-2025 10:10:59 Africa/Tunis] PHP Warning:  include(): Failed opening 'components/scripts.php' for inclusion (include_path='.;C:/laragon/etc/php/pear') in C:\laragon\www\wordpress\wp-content\plugins\plateforme-master\Modules\LaboRecherche\pages\DashboardDirecteurLabo.php on line 89
[02-Sep-2025 09:10:59 UTC] PHP Warning:  Constant GE_MODULE already defined in C:\laragon\www\wordpress\wp-content\plugins\GestionMasters\GestionMasters.php on line 11
[02-Sep-2025 09:10:59 UTC] PHP Warning:  Constant GE_MODULE already defined in C:\laragon\www\wordpress\wp-content\plugins\GestionMasters\GestionMasters.php on line 11
[02-Sep-2025 10:11:00 Africa/Tunis] PHP Warning:  Undefined variable $email in C:\laragon\www\wordpress\wp-content\plugins\secure-login\includes\login-handler.php on line 4
[02-Sep-2025 10:11:00 Africa/Tunis] PHP Warning:  Undefined variable $email in C:\laragon\www\wordpress\wp-content\plugins\secure-login\includes\login-handler.php on line 4
[02-Sep-2025 09:11:00 UTC] PHP Warning:  Constant GE_MODULE already defined in C:\laragon\www\wordpress\wp-content\plugins\GestionMasters\GestionMasters.php on line 11
[02-Sep-2025 09:11:00 UTC] PHP Warning:  Constant GE_MODULE already defined in C:\laragon\www\wordpress\wp-content\plugins\GestionMasters\GestionMasters.php on line 11
[02-Sep-2025 10:11:00 Africa/Tunis] PHP Warning:  Undefined variable $email in C:\laragon\www\wordpress\wp-content\plugins\secure-login\includes\login-handler.php on line 4
[02-Sep-2025 10:11:00 Africa/Tunis] PHP Warning:  Undefined variable $email in C:\laragon\www\wordpress\wp-content\plugins\secure-login\includes\login-handler.php on line 4
[02-Sep-2025 09:11:00 UTC] PHP Warning:  Constant GE_MODULE already defined in C:\laragon\www\wordpress\wp-content\plugins\GestionMasters\GestionMasters.php on line 11
[02-Sep-2025 10:11:00 Africa/Tunis] PHP Warning:  Undefined variable $email in C:\laragon\www\wordpress\wp-content\plugins\secure-login\includes\login-handler.php on line 4
[02-Sep-2025 09:11:01 UTC] PHP Warning:  Constant GE_MODULE already defined in C:\laragon\www\wordpress\wp-content\plugins\GestionMasters\GestionMasters.php on line 11
[02-Sep-2025 09:11:01 UTC] PHP Warning:  Constant GE_MODULE already defined in C:\laragon\www\wordpress\wp-content\plugins\GestionMasters\GestionMasters.php on line 11
[02-Sep-2025 10:11:01 Africa/Tunis] PHP Warning:  Undefined variable $email in C:\laragon\www\wordpress\wp-content\plugins\secure-login\includes\login-handler.php on line 4
[02-Sep-2025 10:11:01 Africa/Tunis] PHP Warning:  Undefined variable $email in C:\laragon\www\wordpress\wp-content\plugins\secure-login\includes\login-handler.php on line 4
[02-Sep-2025 09:11:01 UTC] PHP Warning:  Constant GE_MODULE already defined in C:\laragon\www\wordpress\wp-content\plugins\GestionMasters\GestionMasters.php on line 11
[02-Sep-2025 09:11:01 UTC] PHP Warning:  Constant GE_MODULE already defined in C:\laragon\www\wordpress\wp-content\plugins\GestionMasters\GestionMasters.php on line 11
[02-Sep-2025 10:11:02 Africa/Tunis] PHP Warning:  Undefined variable $email in C:\laragon\www\wordpress\wp-content\plugins\secure-login\includes\login-handler.php on line 4
[02-Sep-2025 10:11:02 Africa/Tunis] PHP Warning:  Undefined variable $email in C:\laragon\www\wordpress\wp-content\plugins\secure-login\includes\login-handler.php on line 4
[02-Sep-2025 09:11:02 UTC] PHP Warning:  Constant GE_MODULE already defined in C:\laragon\www\wordpress\wp-content\plugins\GestionMasters\GestionMasters.php on line 11
[02-Sep-2025 10:11:02 Africa/Tunis] PHP Warning:  Undefined variable $email in C:\laragon\www\wordpress\wp-content\plugins\secure-login\includes\login-handler.php on line 4
[02-Sep-2025 09:11:02 UTC] PHP Warning:  Constant GE_MODULE already defined in C:\laragon\www\wordpress\wp-content\plugins\GestionMasters\GestionMasters.php on line 11
[02-Sep-2025 10:11:03 Africa/Tunis] PHP Warning:  Undefined variable $email in C:\laragon\www\wordpress\wp-content\plugins\secure-login\includes\login-handler.php on line 4
[02-Sep-2025 09:11:03 UTC] PHP Warning:  Constant GE_MODULE already defined in C:\laragon\www\wordpress\wp-content\plugins\GestionMasters\GestionMasters.php on line 11
[02-Sep-2025 10:11:03 Africa/Tunis] PHP Warning:  Undefined variable $email in C:\laragon\www\wordpress\wp-content\plugins\secure-login\includes\login-handler.php on line 4
[02-Sep-2025 09:11:03 UTC] PHP Warning:  Constant GE_MODULE already defined in C:\laragon\www\wordpress\wp-content\plugins\GestionMasters\GestionMasters.php on line 11
[02-Sep-2025 10:11:03 Africa/Tunis] PHP Warning:  Undefined variable $email in C:\laragon\www\wordpress\wp-content\plugins\secure-login\includes\login-handler.php on line 4
[02-Sep-2025 09:11:04 UTC] PHP Warning:  Constant GE_MODULE already defined in C:\laragon\www\wordpress\wp-content\plugins\GestionMasters\GestionMasters.php on line 11
[02-Sep-2025 10:11:04 Africa/Tunis] PHP Warning:  Undefined variable $email in C:\laragon\www\wordpress\wp-content\plugins\secure-login\includes\login-handler.php on line 4
[02-Sep-2025 09:11:05 UTC] PHP Warning:  Constant GE_MODULE already defined in C:\laragon\www\wordpress\wp-content\plugins\GestionMasters\GestionMasters.php on line 11
[02-Sep-2025 10:11:05 Africa/Tunis] PHP Warning:  Undefined variable $email in C:\laragon\www\wordpress\wp-content\plugins\secure-login\includes\login-handler.php on line 4
[02-Sep-2025 09:11:06 UTC] PHP Warning:  Constant GE_MODULE already defined in C:\laragon\www\wordpress\wp-content\plugins\GestionMasters\GestionMasters.php on line 11
[02-Sep-2025 10:11:06 Africa/Tunis] PHP Warning:  Undefined variable $email in C:\laragon\www\wordpress\wp-content\plugins\secure-login\includes\login-handler.php on line 4
[02-Sep-2025 10:11:06 Africa/Tunis] PHP Warning:  Undefined variable $parent_link in C:\laragon\www\wordpress\wp-content\plugins\plateforme-master\Modules\LaboRecherche\pages\pagesCommunes\components\Dashboard-Bar.php on line 110
[02-Sep-2025 10:11:06 Africa/Tunis] PHP Deprecated:  ltrim(): Passing null to parameter #1 ($string) of type string is deprecated in C:\laragon\www\wordpress\wp-includes\formatting.php on line 4486
[02-Sep-2025 10:11:06 Africa/Tunis] PHP Warning:  Undefined variable $parent_title in C:\laragon\www\wordpress\wp-content\plugins\plateforme-master\Modules\LaboRecherche\pages\pagesCommunes\components\Dashboard-Bar.php on line 110
[02-Sep-2025 10:11:06 Africa/Tunis] PHP Warning:  include(components/scripts.php): Failed to open stream: No such file or directory in C:\laragon\www\wordpress\wp-content\plugins\plateforme-master\Modules\LaboRecherche\pages\pagesCommunes\fiche-details-du-laboratoire-lsama_.php on line 67
[02-Sep-2025 10:11:06 Africa/Tunis] PHP Warning:  include(): Failed opening 'components/scripts.php' for inclusion (include_path='.;C:/laragon/etc/php/pear') in C:\laragon\www\wordpress\wp-content\plugins\plateforme-master\Modules\LaboRecherche\pages\pagesCommunes\fiche-details-du-laboratoire-lsama_.php on line 67
[02-Sep-2025 09:11:06 UTC] PHP Warning:  Constant GE_MODULE already defined in C:\laragon\www\wordpress\wp-content\plugins\GestionMasters\GestionMasters.php on line 11
[02-Sep-2025 10:11:06 Africa/Tunis] PHP Warning:  Undefined variable $email in C:\laragon\www\wordpress\wp-content\plugins\secure-login\includes\login-handler.php on line 4
[02-Sep-2025 09:11:06 UTC] PHP Warning:  Constant GE_MODULE already defined in C:\laragon\www\wordpress\wp-content\plugins\GestionMasters\GestionMasters.php on line 11
[02-Sep-2025 10:11:07 Africa/Tunis] PHP Warning:  Undefined variable $email in C:\laragon\www\wordpress\wp-content\plugins\secure-login\includes\login-handler.php on line 4
[02-Sep-2025 09:11:20 UTC] PHP Warning:  Constant GE_MODULE already defined in C:\laragon\www\wordpress\wp-content\plugins\GestionMasters\GestionMasters.php on line 11
[02-Sep-2025 10:11:20 Africa/Tunis] PHP Warning:  Undefined variable $email in C:\laragon\www\wordpress\wp-content\plugins\secure-login\includes\login-handler.php on line 4
[02-Sep-2025 09:11:27 UTC] PHP Warning:  Constant GE_MODULE already defined in C:\laragon\www\wordpress\wp-content\plugins\GestionMasters\GestionMasters.php on line 11
[02-Sep-2025 10:11:27 Africa/Tunis] PHP Warning:  Undefined variable $email in C:\laragon\www\wordpress\wp-content\plugins\secure-login\includes\login-handler.php on line 4
[02-Sep-2025 09:12:27 UTC] PHP Warning:  Constant GE_MODULE already defined in C:\laragon\www\wordpress\wp-content\plugins\GestionMasters\GestionMasters.php on line 11
[02-Sep-2025 10:12:27 Africa/Tunis] PHP Warning:  Undefined variable $email in C:\laragon\www\wordpress\wp-content\plugins\secure-login\includes\login-handler.php on line 4
[02-Sep-2025 09:12:28 UTC] PHP Warning:  Constant GE_MODULE already defined in C:\laragon\www\wordpress\wp-content\plugins\GestionMasters\GestionMasters.php on line 11
[02-Sep-2025 10:12:28 Africa/Tunis] PHP Warning:  Undefined variable $email in C:\laragon\www\wordpress\wp-content\plugins\secure-login\includes\login-handler.php on line 4
[02-Sep-2025 09:13:27 UTC] PHP Warning:  Constant GE_MODULE already defined in C:\laragon\www\wordpress\wp-content\plugins\GestionMasters\GestionMasters.php on line 11
[02-Sep-2025 10:13:27 Africa/Tunis] PHP Warning:  Undefined variable $email in C:\laragon\www\wordpress\wp-content\plugins\secure-login\includes\login-handler.php on line 4
[02-Sep-2025 09:13:27 UTC] PHP Warning:  Constant GE_MODULE already defined in C:\laragon\www\wordpress\wp-content\plugins\GestionMasters\GestionMasters.php on line 11
[02-Sep-2025 10:13:27 Africa/Tunis] PHP Warning:  Undefined variable $email in C:\laragon\www\wordpress\wp-content\plugins\secure-login\includes\login-handler.php on line 4
[02-Sep-2025 09:13:55 UTC] PHP Warning:  Constant GE_MODULE already defined in C:\laragon\www\wordpress\wp-content\plugins\GestionMasters\GestionMasters.php on line 11
[02-Sep-2025 10:13:55 Africa/Tunis] PHP Warning:  Undefined variable $email in C:\laragon\www\wordpress\wp-content\plugins\secure-login\includes\login-handler.php on line 4
[02-Sep-2025 09:13:55 UTC] PHP Warning:  Constant GE_MODULE already defined in C:\laragon\www\wordpress\wp-content\plugins\GestionMasters\GestionMasters.php on line 11
[02-Sep-2025 10:13:56 Africa/Tunis] PHP Warning:  Undefined variable $email in C:\laragon\www\wordpress\wp-content\plugins\secure-login\includes\login-handler.php on line 4
[02-Sep-2025 09:13:56 UTC] PHP Warning:  Constant GE_MODULE already defined in C:\laragon\www\wordpress\wp-content\plugins\GestionMasters\GestionMasters.php on line 11
[02-Sep-2025 10:13:57 Africa/Tunis] PHP Warning:  Undefined variable $email in C:\laragon\www\wordpress\wp-content\plugins\secure-login\includes\login-handler.php on line 4
[02-Sep-2025 09:13:57 UTC] PHP Warning:  Constant GE_MODULE already defined in C:\laragon\www\wordpress\wp-content\plugins\GestionMasters\GestionMasters.php on line 11
[02-Sep-2025 10:13:57 Africa/Tunis] PHP Warning:  Undefined variable $email in C:\laragon\www\wordpress\wp-content\plugins\secure-login\includes\login-handler.php on line 4
[02-Sep-2025 09:13:58 UTC] PHP Warning:  Constant GE_MODULE already defined in C:\laragon\www\wordpress\wp-content\plugins\GestionMasters\GestionMasters.php on line 11
[02-Sep-2025 10:13:58 Africa/Tunis] PHP Warning:  Undefined variable $email in C:\laragon\www\wordpress\wp-content\plugins\secure-login\includes\login-handler.php on line 4
[02-Sep-2025 09:13:58 UTC] PHP Warning:  Constant GE_MODULE already defined in C:\laragon\www\wordpress\wp-content\plugins\GestionMasters\GestionMasters.php on line 11
[02-Sep-2025 10:13:59 Africa/Tunis] PHP Warning:  Undefined variable $email in C:\laragon\www\wordpress\wp-content\plugins\secure-login\includes\login-handler.php on line 4
[02-Sep-2025 09:14:28 UTC] PHP Warning:  Constant GE_MODULE already defined in C:\laragon\www\wordpress\wp-content\plugins\GestionMasters\GestionMasters.php on line 11
[02-Sep-2025 10:14:28 Africa/Tunis] PHP Warning:  Undefined variable $email in C:\laragon\www\wordpress\wp-content\plugins\secure-login\includes\login-handler.php on line 4
[02-Sep-2025 09:38:52 UTC] PHP Warning:  Constant GE_MODULE already defined in C:\laragon\www\wordpress\wp-content\plugins\GestionMasters\GestionMasters.php on line 11
[02-Sep-2025 10:38:52 Africa/Tunis] PHP Warning:  require_once(C:\laragon\www\wordpress\wp-content\plugins\plateforme-master\includes\laboratoire/services_laboratoire.php): Failed to open stream: No such file or directory in C:\laragon\www\wordpress\wp-content\plugins\plateforme-master\includes\laboratoire\api_laboratoire.php on line 12
[02-Sep-2025 10:38:52 Africa/Tunis] PHP Fatal error:  Uncaught Error: Failed opening required 'C:\laragon\www\wordpress\wp-content\plugins\plateforme-master\includes\laboratoire/services_laboratoire.php' (include_path='.;C:/laragon/etc/php/pear') in C:\laragon\www\wordpress\wp-content\plugins\plateforme-master\includes\laboratoire\api_laboratoire.php:12
Stack trace:
#0 C:\laragon\www\wordpress\wp-content\plugins\plateforme-master\plateforme-master.php(23): require_once()
#1 C:\laragon\www\wordpress\wp-settings.php(545): include_once('C:\\laragon\\www\\...')
#2 C:\laragon\www\wordpress\wp-config.php(107): require_once('C:\\laragon\\www\\...')
#3 C:\laragon\www\wordpress\wp-load.php(50): require_once('C:\\laragon\\www\\...')
#4 C:\laragon\www\wordpress\wp-admin\admin.php(35): require_once('C:\\laragon\\www\\...')
#5 C:\laragon\www\wordpress\wp-admin\options-permalink.php(10): require_once('C:\\laragon\\www\\...')
#6 {main}
  thrown in C:\laragon\www\wordpress\wp-content\plugins\plateforme-master\includes\laboratoire\api_laboratoire.php on line 12
[02-Sep-2025 09:41:19 UTC] PHP Warning:  Constant GE_MODULE already defined in C:\laragon\www\wordpress\wp-content\plugins\GestionMasters\GestionMasters.php on line 11
[02-Sep-2025 10:41:19 Africa/Tunis] PHP Fatal error:  Cannot redeclare get_all_laboratoires() (previously declared in C:\laragon\www\wordpress\wp-content\plugins\plateforme-master\services\doctorants\services_doctorants.php:499) in C:\laragon\www\wordpress\wp-content\plugins\plateforme-master\includes\laboratoire\services_laboratoire.php on line 24
[02-Sep-2025 09:44:04 UTC] PHP Warning:  Constant GE_MODULE already defined in C:\laragon\www\wordpress\wp-content\plugins\GestionMasters\GestionMasters.php on line 11
[02-Sep-2025 10:44:17 Africa/Tunis] PHP Warning:  Undefined variable $email in C:\laragon\www\wordpress\wp-content\plugins\secure-login\includes\login-handler.php on line 4
[02-Sep-2025 09:44:18 UTC] PHP Warning:  Constant GE_MODULE already defined in C:\laragon\www\wordpress\wp-content\plugins\GestionMasters\GestionMasters.php on line 11
[02-Sep-2025 10:44:18 Africa/Tunis] PHP Warning:  Undefined variable $email in C:\laragon\www\wordpress\wp-content\plugins\secure-login\includes\login-handler.php on line 4
[02-Sep-2025 10:44:20 Africa/Tunis] PHP Deprecated:  strpos(): Passing null to parameter #1 ($haystack) of type string is deprecated in C:\laragon\www\wordpress\wp-includes\functions.php on line 7360
[02-Sep-2025 10:44:20 Africa/Tunis] PHP Deprecated:  str_replace(): Passing null to parameter #3 ($subject) of type array|string is deprecated in C:\laragon\www\wordpress\wp-includes\functions.php on line 2195
[02-Sep-2025 09:44:27 UTC] PHP Warning:  Constant GE_MODULE already defined in C:\laragon\www\wordpress\wp-content\plugins\GestionMasters\GestionMasters.php on line 11
[02-Sep-2025 10:44:27 Africa/Tunis] PHP Warning:  Undefined variable $email in C:\laragon\www\wordpress\wp-content\plugins\secure-login\includes\login-handler.php on line 4
[02-Sep-2025 10:44:27 Africa/Tunis] PHP Deprecated:  strpos(): Passing null to parameter #1 ($haystack) of type string is deprecated in C:\laragon\www\wordpress\wp-includes\functions.php on line 7360
[02-Sep-2025 10:44:27 Africa/Tunis] PHP Deprecated:  str_replace(): Passing null to parameter #3 ($subject) of type array|string is deprecated in C:\laragon\www\wordpress\wp-includes\functions.php on line 2195
[02-Sep-2025 09:44:28 UTC] PHP Warning:  Constant GE_MODULE already defined in C:\laragon\www\wordpress\wp-content\plugins\GestionMasters\GestionMasters.php on line 11
[02-Sep-2025 10:44:28 Africa/Tunis] PHP Warning:  Undefined variable $email in C:\laragon\www\wordpress\wp-content\plugins\secure-login\includes\login-handler.php on line 4
[02-Sep-2025 10:44:28 Africa/Tunis] PHP Deprecated:  strpos(): Passing null to parameter #1 ($haystack) of type string is deprecated in C:\laragon\www\wordpress\wp-includes\functions.php on line 7360
[02-Sep-2025 10:44:28 Africa/Tunis] PHP Deprecated:  str_replace(): Passing null to parameter #3 ($subject) of type array|string is deprecated in C:\laragon\www\wordpress\wp-includes\functions.php on line 2195
[02-Sep-2025 09:44:34 UTC] PHP Warning:  Constant GE_MODULE already defined in C:\laragon\www\wordpress\wp-content\plugins\GestionMasters\GestionMasters.php on line 11
[02-Sep-2025 10:44:34 Africa/Tunis] PHP Warning:  Undefined variable $email in C:\laragon\www\wordpress\wp-content\plugins\secure-login\includes\login-handler.php on line 4
[02-Sep-2025 10:44:34 Africa/Tunis] PHP Warning:  Undefined variable $parent_link in C:\laragon\www\wordpress\wp-content\plugins\plateforme-master\Modules\LaboRecherche\pages\pagesCommunes\components\Dashboard-Bar.php on line 110
[02-Sep-2025 10:44:34 Africa/Tunis] PHP Deprecated:  ltrim(): Passing null to parameter #1 ($string) of type string is deprecated in C:\laragon\www\wordpress\wp-includes\formatting.php on line 4486
[02-Sep-2025 10:44:34 Africa/Tunis] PHP Warning:  Undefined variable $parent_title in C:\laragon\www\wordpress\wp-content\plugins\plateforme-master\Modules\LaboRecherche\pages\pagesCommunes\components\Dashboard-Bar.php on line 110
[02-Sep-2025 10:44:34 Africa/Tunis] PHP Warning:  include(components/scripts.php): Failed to open stream: No such file or directory in C:\laragon\www\wordpress\wp-content\plugins\plateforme-master\Modules\LaboRecherche\pages\pagesCommunes\fiche-details-du-laboratoire-lsama_.php on line 67
[02-Sep-2025 10:44:34 Africa/Tunis] PHP Warning:  include(): Failed opening 'components/scripts.php' for inclusion (include_path='.;C:/laragon/etc/php/pear') in C:\laragon\www\wordpress\wp-content\plugins\plateforme-master\Modules\LaboRecherche\pages\pagesCommunes\fiche-details-du-laboratoire-lsama_.php on line 67
[02-Sep-2025 09:44:35 UTC] PHP Warning:  Constant GE_MODULE already defined in C:\laragon\www\wordpress\wp-content\plugins\GestionMasters\GestionMasters.php on line 11
[02-Sep-2025 10:44:35 Africa/Tunis] PHP Warning:  Undefined variable $email in C:\laragon\www\wordpress\wp-content\plugins\secure-login\includes\login-handler.php on line 4
[02-Sep-2025 09:44:35 UTC] PHP Warning:  Constant GE_MODULE already defined in C:\laragon\www\wordpress\wp-content\plugins\GestionMasters\GestionMasters.php on line 11
[02-Sep-2025 10:44:35 Africa/Tunis] PHP Warning:  Undefined variable $email in C:\laragon\www\wordpress\wp-content\plugins\secure-login\includes\login-handler.php on line 4
[02-Sep-2025 09:44:44 UTC] PHP Warning:  Constant GE_MODULE already defined in C:\laragon\www\wordpress\wp-content\plugins\GestionMasters\GestionMasters.php on line 11
[02-Sep-2025 10:44:44 Africa/Tunis] PHP Warning:  Undefined variable $email in C:\laragon\www\wordpress\wp-content\plugins\secure-login\includes\login-handler.php on line 4
[02-Sep-2025 09:44:44 UTC] PHP Warning:  Constant GE_MODULE already defined in C:\laragon\www\wordpress\wp-content\plugins\GestionMasters\GestionMasters.php on line 11
[02-Sep-2025 10:44:45 Africa/Tunis] PHP Warning:  Undefined variable $email in C:\laragon\www\wordpress\wp-content\plugins\secure-login\includes\login-handler.php on line 4
[02-Sep-2025 10:44:45 Africa/Tunis] PHP Fatal error:  Uncaught Error: Call to undefined function svc_document_args_create() in C:\laragon\www\wordpress\wp-content\plugins\plateforme-master\includes\pmo\api_pmo.php:24
Stack trace:
#0 C:\laragon\www\wordpress\wp-includes\class-wp-hook.php(324): {closure}(Object(WP_REST_Server))
#1 C:\laragon\www\wordpress\wp-includes\class-wp-hook.php(348): WP_Hook->apply_filters(NULL, Array)
#2 C:\laragon\www\wordpress\wp-includes\plugin.php(517): WP_Hook->do_action(Array)
#3 C:\laragon\www\wordpress\wp-includes\rest-api.php(628): do_action('rest_api_init', Object(WP_REST_Server))
#4 C:\laragon\www\wordpress\wp-includes\rest-api.php(452): rest_get_server()
#5 C:\laragon\www\wordpress\wp-includes\class-wp-hook.php(324): rest_api_loaded(Object(WP))
#6 C:\laragon\www\wordpress\wp-includes\class-wp-hook.php(348): WP_Hook->apply_filters('', Array)
#7 C:\laragon\www\wordpress\wp-includes\plugin.php(565): WP_Hook->do_action(Array)
#8 C:\laragon\www\wordpress\wp-includes\class-wp.php(418): do_action_ref_array('parse_request', Array)
#9 C:\laragon\www\wordpress\wp-includes\class-wp.php(818): WP->parse_request('')
#10 C:\laragon\www\wordpress\wp-includes\functions.php(1342): WP->main('')
#11 C:\laragon\www\wordpress\wp-blog-header.php(16): wp()
#12 C:\laragon\www\wordpress\index.php(17): require('C:\\laragon\\www\\...')
#13 {main}
  thrown in C:\laragon\www\wordpress\wp-content\plugins\plateforme-master\includes\pmo\api_pmo.php on line 24
[02-Sep-2025 09:45:29 UTC] PHP Warning:  Constant GE_MODULE already defined in C:\laragon\www\wordpress\wp-content\plugins\GestionMasters\GestionMasters.php on line 11
[02-Sep-2025 10:45:30 Africa/Tunis] PHP Warning:  Undefined variable $email in C:\laragon\www\wordpress\wp-content\plugins\secure-login\includes\login-handler.php on line 4
[05-Sep-2025 10:10:03 UTC] PHP Warning:  Constant GE_MODULE already defined in C:\laragon\www\wordpress\wp-content\plugins\GestionMasters\GestionMasters.php on line 11
[05-Sep-2025 11:10:03 Africa/Tunis] PHP Warning:  Undefined variable $email in C:\laragon\www\wordpress\wp-content\plugins\secure-login\includes\login-handler.php on line 4
[05-Sep-2025 11:10:03 Africa/Tunis] PHP Deprecated:  strpos(): Passing null to parameter #1 ($haystack) of type string is deprecated in C:\laragon\www\wordpress\wp-includes\functions.php on line 7360
[05-Sep-2025 11:10:03 Africa/Tunis] PHP Deprecated:  str_replace(): Passing null to parameter #3 ($subject) of type array|string is deprecated in C:\laragon\www\wordpress\wp-includes\functions.php on line 2195
[05-Sep-2025 10:10:31 UTC] PHP Warning:  Constant GE_MODULE already defined in C:\laragon\www\wordpress\wp-content\plugins\GestionMasters\GestionMasters.php on line 11
[05-Sep-2025 11:10:31 Africa/Tunis] PHP Warning:  Undefined variable $email in C:\laragon\www\wordpress\wp-content\plugins\secure-login\includes\login-handler.php on line 4
[05-Sep-2025 10:10:40 UTC] PHP Warning:  Constant GE_MODULE already defined in C:\laragon\www\wordpress\wp-content\plugins\GestionMasters\GestionMasters.php on line 11
[05-Sep-2025 11:10:40 Africa/Tunis] PHP Warning:  Undefined variable $email in C:\laragon\www\wordpress\wp-content\plugins\secure-login\includes\login-handler.php on line 4
[05-Sep-2025 10:10:40 UTC] PHP Warning:  Constant GE_MODULE already defined in C:\laragon\www\wordpress\wp-content\plugins\GestionMasters\GestionMasters.php on line 11
[05-Sep-2025 11:10:40 Africa/Tunis] PHP Warning:  Undefined variable $email in C:\laragon\www\wordpress\wp-content\plugins\secure-login\includes\login-handler.php on line 4
[05-Sep-2025 10:10:48 UTC] PHP Warning:  Constant GE_MODULE already defined in C:\laragon\www\wordpress\wp-content\plugins\GestionMasters\GestionMasters.php on line 11
[05-Sep-2025 11:10:48 Africa/Tunis] PHP Warning:  Undefined variable $email in C:\laragon\www\wordpress\wp-content\plugins\secure-login\includes\login-handler.php on line 4
[05-Sep-2025 11:10:48 Africa/Tunis] PHP Deprecated:  Le fichier class-phpmailer.php est <strong>obsolète</strong> depuis la version 5.5.0 ! Utilisez wp-includes/PHPMailer/PHPMailer.php à la place. The PHPMailer class has been moved to wp-includes/PHPMailer subdirectory and now uses the PHPMailer\PHPMailer namespace. in C:\laragon\www\wordpress\wp-includes\functions.php on line 6121
[05-Sep-2025 11:10:48 Africa/Tunis] PHP Deprecated:  Le fichier class-smtp.php est <strong>obsolète</strong> depuis la version 5.5.0 ! Utilisez wp-includes/PHPMailer/SMTP.php à la place. The SMTP class has been moved to the wp-includes/PHPMailer subdirectory and now uses the PHPMailer\PHPMailer namespace. in C:\laragon\www\wordpress\wp-includes\functions.php on line 6121
[05-Sep-2025 10:10:50 UTC] PHP Warning:  Constant GE_MODULE already defined in C:\laragon\www\wordpress\wp-content\plugins\GestionMasters\GestionMasters.php on line 11
[05-Sep-2025 11:10:50 Africa/Tunis] PHP Warning:  Undefined variable $email in C:\laragon\www\wordpress\wp-content\plugins\secure-login\includes\login-handler.php on line 4
[05-Sep-2025 10:11:04 UTC] PHP Warning:  Constant GE_MODULE already defined in C:\laragon\www\wordpress\wp-content\plugins\GestionMasters\GestionMasters.php on line 11
[05-Sep-2025 11:11:04 Africa/Tunis] PHP Warning:  Undefined variable $email in C:\laragon\www\wordpress\wp-content\plugins\secure-login\includes\login-handler.php on line 4
[05-Sep-2025 10:11:26 UTC] PHP Warning:  Constant GE_MODULE already defined in C:\laragon\www\wordpress\wp-content\plugins\GestionMasters\GestionMasters.php on line 11
[05-Sep-2025 11:11:26 Africa/Tunis] PHP Warning:  Undefined variable $email in C:\laragon\www\wordpress\wp-content\plugins\secure-login\includes\login-handler.php on line 4
[05-Sep-2025 10:13:04 UTC] PHP Warning:  Constant GE_MODULE already defined in C:\laragon\www\wordpress\wp-content\plugins\GestionMasters\GestionMasters.php on line 11
[05-Sep-2025 11:13:04 Africa/Tunis] PHP Warning:  Undefined variable $email in C:\laragon\www\wordpress\wp-content\plugins\secure-login\includes\login-handler.php on line 4
[05-Sep-2025 10:13:05 UTC] PHP Warning:  Constant GE_MODULE already defined in C:\laragon\www\wordpress\wp-content\plugins\GestionMasters\GestionMasters.php on line 11
[05-Sep-2025 11:13:05 Africa/Tunis] PHP Warning:  Undefined variable $email in C:\laragon\www\wordpress\wp-content\plugins\secure-login\includes\login-handler.php on line 4
[05-Sep-2025 10:15:05 UTC] PHP Warning:  Constant GE_MODULE already defined in C:\laragon\www\wordpress\wp-content\plugins\GestionMasters\GestionMasters.php on line 11
[05-Sep-2025 11:15:05 Africa/Tunis] PHP Warning:  Undefined variable $email in C:\laragon\www\wordpress\wp-content\plugins\secure-login\includes\login-handler.php on line 4
[05-Sep-2025 10:15:06 UTC] PHP Warning:  Constant GE_MODULE already defined in C:\laragon\www\wordpress\wp-content\plugins\GestionMasters\GestionMasters.php on line 11
[05-Sep-2025 11:15:06 Africa/Tunis] PHP Warning:  Undefined variable $email in C:\laragon\www\wordpress\wp-content\plugins\secure-login\includes\login-handler.php on line 4
[05-Sep-2025 10:17:06 UTC] PHP Warning:  Constant GE_MODULE already defined in C:\laragon\www\wordpress\wp-content\plugins\GestionMasters\GestionMasters.php on line 11
[05-Sep-2025 11:17:06 Africa/Tunis] PHP Warning:  Undefined variable $email in C:\laragon\www\wordpress\wp-content\plugins\secure-login\includes\login-handler.php on line 4
[05-Sep-2025 10:17:07 UTC] PHP Warning:  Constant GE_MODULE already defined in C:\laragon\www\wordpress\wp-content\plugins\GestionMasters\GestionMasters.php on line 11
[05-Sep-2025 11:17:07 Africa/Tunis] PHP Warning:  Undefined variable $email in C:\laragon\www\wordpress\wp-content\plugins\secure-login\includes\login-handler.php on line 4
[05-Sep-2025 10:19:07 UTC] PHP Warning:  Constant GE_MODULE already defined in C:\laragon\www\wordpress\wp-content\plugins\GestionMasters\GestionMasters.php on line 11
[05-Sep-2025 11:19:07 Africa/Tunis] PHP Warning:  Undefined variable $email in C:\laragon\www\wordpress\wp-content\plugins\secure-login\includes\login-handler.php on line 4
[05-Sep-2025 10:19:08 UTC] PHP Warning:  Constant GE_MODULE already defined in C:\laragon\www\wordpress\wp-content\plugins\GestionMasters\GestionMasters.php on line 11
[05-Sep-2025 11:19:08 Africa/Tunis] PHP Warning:  Undefined variable $email in C:\laragon\www\wordpress\wp-content\plugins\secure-login\includes\login-handler.php on line 4
[05-Sep-2025 11:02:30 UTC] PHP Warning:  Constant GE_MODULE already defined in C:\laragon\www\wordpress\wp-content\plugins\GestionMasters\GestionMasters.php on line 11
[05-Sep-2025 12:02:31 Africa/Tunis] PHP Warning:  Undefined variable $email in C:\laragon\www\wordpress\wp-content\plugins\secure-login\includes\login-handler.php on line 4
[05-Sep-2025 11:02:31 UTC] PHP Warning:  Constant GE_MODULE already defined in C:\laragon\www\wordpress\wp-content\plugins\GestionMasters\GestionMasters.php on line 11
[05-Sep-2025 12:02:31 Africa/Tunis] PHP Warning:  Undefined variable $email in C:\laragon\www\wordpress\wp-content\plugins\secure-login\includes\login-handler.php on line 4
[05-Sep-2025 11:02:31 UTC] PHP Warning:  Constant GE_MODULE already defined in C:\laragon\www\wordpress\wp-content\plugins\GestionMasters\GestionMasters.php on line 11
[05-Sep-2025 12:02:32 Africa/Tunis] PHP Warning:  Undefined variable $email in C:\laragon\www\wordpress\wp-content\plugins\secure-login\includes\login-handler.php on line 4
[05-Sep-2025 12:02:32 Africa/Tunis] PHP Deprecated:  strpos(): Passing null to parameter #1 ($haystack) of type string is deprecated in C:\laragon\www\wordpress\wp-includes\functions.php on line 7360
[05-Sep-2025 12:02:32 Africa/Tunis] PHP Deprecated:  str_replace(): Passing null to parameter #3 ($subject) of type array|string is deprecated in C:\laragon\www\wordpress\wp-includes\functions.php on line 2195
[05-Sep-2025 11:02:38 UTC] PHP Warning:  Constant GE_MODULE already defined in C:\laragon\www\wordpress\wp-content\plugins\GestionMasters\GestionMasters.php on line 11
[05-Sep-2025 12:02:38 Africa/Tunis] PHP Warning:  Undefined variable $email in C:\laragon\www\wordpress\wp-content\plugins\secure-login\includes\login-handler.php on line 4
[05-Sep-2025 11:02:38 UTC] PHP Warning:  Constant GE_MODULE already defined in C:\laragon\www\wordpress\wp-content\plugins\GestionMasters\GestionMasters.php on line 11
[05-Sep-2025 12:02:38 Africa/Tunis] PHP Warning:  Undefined variable $email in C:\laragon\www\wordpress\wp-content\plugins\secure-login\includes\login-handler.php on line 4
[05-Sep-2025 11:02:41 UTC] PHP Warning:  Constant GE_MODULE already defined in C:\laragon\www\wordpress\wp-content\plugins\GestionMasters\GestionMasters.php on line 11
[05-Sep-2025 12:02:41 Africa/Tunis] PHP Warning:  Undefined variable $email in C:\laragon\www\wordpress\wp-content\plugins\secure-login\includes\login-handler.php on line 4
[05-Sep-2025 12:02:42 Africa/Tunis] PHP Deprecated:  Le fichier class-phpmailer.php est <strong>obsolète</strong> depuis la version 5.5.0 ! Utilisez wp-includes/PHPMailer/PHPMailer.php à la place. The PHPMailer class has been moved to wp-includes/PHPMailer subdirectory and now uses the PHPMailer\PHPMailer namespace. in C:\laragon\www\wordpress\wp-includes\functions.php on line 6121
[05-Sep-2025 12:02:42 Africa/Tunis] PHP Deprecated:  Le fichier class-smtp.php est <strong>obsolète</strong> depuis la version 5.5.0 ! Utilisez wp-includes/PHPMailer/SMTP.php à la place. The SMTP class has been moved to the wp-includes/PHPMailer subdirectory and now uses the PHPMailer\PHPMailer namespace. in C:\laragon\www\wordpress\wp-includes\functions.php on line 6121
[05-Sep-2025 11:02:49 UTC] PHP Warning:  Constant GE_MODULE already defined in C:\laragon\www\wordpress\wp-content\plugins\GestionMasters\GestionMasters.php on line 11
[05-Sep-2025 12:02:49 Africa/Tunis] PHP Warning:  Undefined variable $email in C:\laragon\www\wordpress\wp-content\plugins\secure-login\includes\login-handler.php on line 4
[05-Sep-2025 11:03:19 UTC] PHP Warning:  Constant GE_MODULE already defined in C:\laragon\www\wordpress\wp-content\plugins\GestionMasters\GestionMasters.php on line 11
[05-Sep-2025 12:03:19 Africa/Tunis] PHP Warning:  Undefined variable $email in C:\laragon\www\wordpress\wp-content\plugins\secure-login\includes\login-handler.php on line 4
[05-Sep-2025 11:03:28 UTC] PHP Warning:  Constant GE_MODULE already defined in C:\laragon\www\wordpress\wp-content\plugins\GestionMasters\GestionMasters.php on line 11
[05-Sep-2025 12:03:28 Africa/Tunis] PHP Warning:  Undefined variable $email in C:\laragon\www\wordpress\wp-content\plugins\secure-login\includes\login-handler.php on line 4
[05-Sep-2025 12:03:29 Africa/Tunis] PHP Deprecated:  Le fichier class-phpmailer.php est <strong>obsolète</strong> depuis la version 5.5.0 ! Utilisez wp-includes/PHPMailer/PHPMailer.php à la place. The PHPMailer class has been moved to wp-includes/PHPMailer subdirectory and now uses the PHPMailer\PHPMailer namespace. in C:\laragon\www\wordpress\wp-includes\functions.php on line 6121
[05-Sep-2025 12:03:29 Africa/Tunis] PHP Deprecated:  Le fichier class-smtp.php est <strong>obsolète</strong> depuis la version 5.5.0 ! Utilisez wp-includes/PHPMailer/SMTP.php à la place. The SMTP class has been moved to the wp-includes/PHPMailer subdirectory and now uses the PHPMailer\PHPMailer namespace. in C:\laragon\www\wordpress\wp-includes\functions.php on line 6121
[05-Sep-2025 11:03:33 UTC] PHP Warning:  Constant GE_MODULE already defined in C:\laragon\www\wordpress\wp-content\plugins\GestionMasters\GestionMasters.php on line 11
[05-Sep-2025 12:03:33 Africa/Tunis] PHP Warning:  Undefined variable $email in C:\laragon\www\wordpress\wp-content\plugins\secure-login\includes\login-handler.php on line 4
[09-Sep-2025 14:10:06 UTC] PHP Warning:  Constant GE_MODULE already defined in C:\laragon\www\wordpress\wp-content\plugins\GestionMasters\GestionMasters.php on line 11
[09-Sep-2025 15:10:07 Africa/Tunis] PHP Warning:  Undefined variable $email in C:\laragon\www\wordpress\wp-content\plugins\secure-login\includes\login-handler.php on line 4
[09-Sep-2025 15:10:07 Africa/Tunis] PHP Warning:  require_once(C:\laragon\www\wordpress\wp-content\plugins\plateforme-master\Modules\LaboRecherche\pages\pagesCommunes\components/../config/roles.php): Failed to open stream: No such file or directory in C:\laragon\www\wordpress\wp-content\plugins\plateforme-master\Modules\LaboRecherche\pages\pagesCommunes\components\tableassiduite-des-chercheurs.php on line 3
[09-Sep-2025 15:10:07 Africa/Tunis] PHP Fatal error:  Uncaught Error: Failed opening required 'C:\laragon\www\wordpress\wp-content\plugins\plateforme-master\Modules\LaboRecherche\pages\pagesCommunes\components/../config/roles.php' (include_path='.;C:/laragon/etc/php/pear') in C:\laragon\www\wordpress\wp-content\plugins\plateforme-master\Modules\LaboRecherche\pages\pagesCommunes\components\tableassiduite-des-chercheurs.php:3
Stack trace:
#0 C:\laragon\www\wordpress\wp-content\plugins\plateforme-master\Modules\LaboRecherche\pages\pagesCommunes\assiduite-des-chercheurs.php(68): include()
#1 C:\laragon\www\wordpress\wp-content\plugins\plateforme-master\plateforme-master.php(2444): include('C:\\laragon\\www\\...')
#2 C:\laragon\www\wordpress\wp-includes\class-wp-hook.php(324): pm_template_override('')
#3 C:\laragon\www\wordpress\wp-includes\class-wp-hook.php(348): WP_Hook->apply_filters(NULL, Array)
#4 C:\laragon\www\wordpress\wp-includes\plugin.php(517): WP_Hook->do_action(Array)
#5 C:\laragon\www\wordpress\wp-includes\template-loader.php(13): do_action('template_redire...')
#6 C:\laragon\www\wordpress\wp-blog-header.php(19): require_once('C:\\laragon\\www\\...')
#7 C:\laragon\www\wordpress\index.php(17): require('C:\\laragon\\www\\...')
#8 {main}
  thrown in C:\laragon\www\wordpress\wp-content\plugins\plateforme-master\Modules\LaboRecherche\pages\pagesCommunes\components\tableassiduite-des-chercheurs.php on line 3
[09-Sep-2025 14:10:07 UTC] PHP Warning:  Constant GE_MODULE already defined in C:\laragon\www\wordpress\wp-content\plugins\GestionMasters\GestionMasters.php on line 11
[09-Sep-2025 15:10:07 Africa/Tunis] PHP Warning:  Undefined variable $email in C:\laragon\www\wordpress\wp-content\plugins\secure-login\includes\login-handler.php on line 4
[09-Sep-2025 14:10:07 UTC] PHP Warning:  Constant GE_MODULE already defined in C:\laragon\www\wordpress\wp-content\plugins\GestionMasters\GestionMasters.php on line 11
[09-Sep-2025 15:10:07 Africa/Tunis] PHP Warning:  Undefined variable $email in C:\laragon\www\wordpress\wp-content\plugins\secure-login\includes\login-handler.php on line 4
[09-Sep-2025 14:10:08 UTC] PHP Warning:  Constant GE_MODULE already defined in C:\laragon\www\wordpress\wp-content\plugins\GestionMasters\GestionMasters.php on line 11
[09-Sep-2025 15:10:08 Africa/Tunis] PHP Warning:  Undefined variable $email in C:\laragon\www\wordpress\wp-content\plugins\secure-login\includes\login-handler.php on line 4
[09-Sep-2025 14:10:08 UTC] PHP Warning:  Constant GE_MODULE already defined in C:\laragon\www\wordpress\wp-content\plugins\GestionMasters\GestionMasters.php on line 11
[09-Sep-2025 14:10:08 UTC] PHP Warning:  Constant GE_MODULE already defined in C:\laragon\www\wordpress\wp-content\plugins\GestionMasters\GestionMasters.php on line 11
[09-Sep-2025 15:10:08 Africa/Tunis] PHP Warning:  Undefined variable $email in C:\laragon\www\wordpress\wp-content\plugins\secure-login\includes\login-handler.php on line 4
[09-Sep-2025 15:10:08 Africa/Tunis] PHP Warning:  Undefined variable $email in C:\laragon\www\wordpress\wp-content\plugins\secure-login\includes\login-handler.php on line 4
[09-Sep-2025 14:10:18 UTC] PHP Warning:  Constant GE_MODULE already defined in C:\laragon\www\wordpress\wp-content\plugins\GestionMasters\GestionMasters.php on line 11
[09-Sep-2025 15:10:18 Africa/Tunis] PHP Warning:  Undefined variable $email in C:\laragon\www\wordpress\wp-content\plugins\secure-login\includes\login-handler.php on line 4
[09-Sep-2025 14:11:08 UTC] PHP Warning:  Constant GE_MODULE already defined in C:\laragon\www\wordpress\wp-content\plugins\GestionMasters\GestionMasters.php on line 11
[09-Sep-2025 15:11:08 Africa/Tunis] PHP Warning:  Undefined variable $email in C:\laragon\www\wordpress\wp-content\plugins\secure-login\includes\login-handler.php on line 4
[09-Sep-2025 14:11:08 UTC] PHP Warning:  Constant GE_MODULE already defined in C:\laragon\www\wordpress\wp-content\plugins\GestionMasters\GestionMasters.php on line 11
[09-Sep-2025 15:11:09 Africa/Tunis] PHP Warning:  Undefined variable $email in C:\laragon\www\wordpress\wp-content\plugins\secure-login\includes\login-handler.php on line 4
[09-Sep-2025 14:11:09 UTC] PHP Warning:  Constant GE_MODULE already defined in C:\laragon\www\wordpress\wp-content\plugins\GestionMasters\GestionMasters.php on line 11
[09-Sep-2025 15:11:09 Africa/Tunis] PHP Warning:  Undefined variable $email in C:\laragon\www\wordpress\wp-content\plugins\secure-login\includes\login-handler.php on line 4
[09-Sep-2025 14:11:45 UTC] PHP Warning:  Constant GE_MODULE already defined in C:\laragon\www\wordpress\wp-content\plugins\GestionMasters\GestionMasters.php on line 11
[09-Sep-2025 15:11:45 Africa/Tunis] PHP Warning:  Undefined variable $email in C:\laragon\www\wordpress\wp-content\plugins\secure-login\includes\login-handler.php on line 4
[09-Sep-2025 14:11:46 UTC] PHP Warning:  Constant GE_MODULE already defined in C:\laragon\www\wordpress\wp-content\plugins\GestionMasters\GestionMasters.php on line 11
[09-Sep-2025 15:11:46 Africa/Tunis] PHP Warning:  Undefined variable $email in C:\laragon\www\wordpress\wp-content\plugins\secure-login\includes\login-handler.php on line 4
[09-Sep-2025 14:11:46 UTC] PHP Warning:  Constant GE_MODULE already defined in C:\laragon\www\wordpress\wp-content\plugins\GestionMasters\GestionMasters.php on line 11
[09-Sep-2025 15:11:46 Africa/Tunis] PHP Warning:  Undefined variable $email in C:\laragon\www\wordpress\wp-content\plugins\secure-login\includes\login-handler.php on line 4
[09-Sep-2025 14:12:08 UTC] PHP Warning:  Constant GE_MODULE already defined in C:\laragon\www\wordpress\wp-content\plugins\GestionMasters\GestionMasters.php on line 11
[09-Sep-2025 15:12:08 Africa/Tunis] PHP Warning:  Undefined variable $email in C:\laragon\www\wordpress\wp-content\plugins\secure-login\includes\login-handler.php on line 4
[09-Sep-2025 14:12:09 UTC] PHP Warning:  Constant GE_MODULE already defined in C:\laragon\www\wordpress\wp-content\plugins\GestionMasters\GestionMasters.php on line 11
[09-Sep-2025 15:12:09 Africa/Tunis] PHP Warning:  Undefined variable $email in C:\laragon\www\wordpress\wp-content\plugins\secure-login\includes\login-handler.php on line 4
[09-Sep-2025 14:12:19 UTC] PHP Warning:  Constant GE_MODULE already defined in C:\laragon\www\wordpress\wp-content\plugins\GestionMasters\GestionMasters.php on line 11
[09-Sep-2025 15:12:19 Africa/Tunis] PHP Warning:  Undefined variable $email in C:\laragon\www\wordpress\wp-content\plugins\secure-login\includes\login-handler.php on line 4
[11-Sep-2025 08:44:17 UTC] PHP Warning:  Constant GE_MODULE already defined in C:\laragon\www\wordpress\wp-content\plugins\GestionMasters\GestionMasters.php on line 11
[11-Sep-2025 09:44:17 Africa/Tunis] PHP Warning:  Undefined variable $email in C:\laragon\www\wordpress\wp-content\plugins\secure-login\includes\login-handler.php on line 4
[11-Sep-2025 09:44:17 Africa/Tunis] PHP Warning:  Undefined array key "sl_code" in C:\laragon\www\wordpress\wp-content\plugins\secure-login\includes\login-handler.php on line 46
[11-Sep-2025 08:44:17 UTC] PHP Warning:  Constant GE_MODULE already defined in C:\laragon\www\wordpress\wp-content\plugins\GestionMasters\GestionMasters.php on line 11
[11-Sep-2025 09:44:17 Africa/Tunis] PHP Warning:  Undefined variable $email in C:\laragon\www\wordpress\wp-content\plugins\secure-login\includes\login-handler.php on line 4
[11-Sep-2025 09:44:19 Africa/Tunis] PHP Fatal error:  Uncaught RuntimeException: Unable to release actions from claim id 0. in C:\laragon\www\wordpress\wp-content\plugins\ultimate-member\includes\lib\action-scheduler\classes\data-stores\ActionScheduler_DBStore.php:1128
Stack trace:
#0 C:\laragon\www\wordpress\wp-content\plugins\ultimate-member\includes\lib\action-scheduler\classes\ActionScheduler_QueueRunner.php(195): ActionScheduler_DBStore->release_claim(Object(ActionScheduler_ActionClaim))
#1 C:\laragon\www\wordpress\wp-content\plugins\ultimate-member\includes\lib\action-scheduler\classes\ActionScheduler_QueueRunner.php(158): ActionScheduler_QueueRunner->do_batch(25, 'WP Cron')
#2 C:\laragon\www\wordpress\wp-includes\class-wp-hook.php(324): ActionScheduler_QueueRunner->run('WP Cron')
#3 C:\laragon\www\wordpress\wp-includes\class-wp-hook.php(348): WP_Hook->apply_filters('', Array)
#4 C:\laragon\www\wordpress\wp-includes\plugin.php(565): WP_Hook->do_action(Array)
#5 C:\laragon\www\wordpress\wp-cron.php(191): do_action_ref_array('action_schedule...', Array)
#6 {main}
  thrown in C:\laragon\www\wordpress\wp-content\plugins\ultimate-member\includes\lib\action-scheduler\classes\data-stores\ActionScheduler_DBStore.php on line 1128
[11-Sep-2025 09:44:19 Africa/Tunis] PHP Fatal error:  Uncaught RuntimeException: Unable to release actions from claim id 0. in C:\laragon\www\wordpress\wp-content\plugins\ultimate-member\includes\lib\action-scheduler\classes\data-stores\ActionScheduler_DBStore.php:1128
Stack trace:
#0 C:\laragon\www\wordpress\wp-content\plugins\ultimate-member\includes\lib\action-scheduler\classes\ActionScheduler_FatalErrorMonitor.php(95): ActionScheduler_DBStore->release_claim(Object(ActionScheduler_ActionClaim))
#1 C:\laragon\www\wordpress\wp-includes\class-wp-hook.php(324): ActionScheduler_FatalErrorMonitor->handle_unexpected_shutdown('')
#2 C:\laragon\www\wordpress\wp-includes\class-wp-hook.php(348): WP_Hook->apply_filters(NULL, Array)
#3 C:\laragon\www\wordpress\wp-includes\plugin.php(517): WP_Hook->do_action(Array)
#4 C:\laragon\www\wordpress\wp-includes\load.php(1304): do_action('shutdown')
#5 [internal function]: shutdown_action_hook()
#6 {main}
  thrown in C:\laragon\www\wordpress\wp-content\plugins\ultimate-member\includes\lib\action-scheduler\classes\data-stores\ActionScheduler_DBStore.php on line 1128
[11-Sep-2025 08:44:19 UTC] PHP Warning:  Constant GE_MODULE already defined in C:\laragon\www\wordpress\wp-content\plugins\GestionMasters\GestionMasters.php on line 11
[11-Sep-2025 09:44:19 Africa/Tunis] PHP Warning:  Undefined variable $email in C:\laragon\www\wordpress\wp-content\plugins\secure-login\includes\login-handler.php on line 4
[11-Sep-2025 08:44:47 UTC] PHP Warning:  Constant GE_MODULE already defined in C:\laragon\www\wordpress\wp-content\plugins\GestionMasters\GestionMasters.php on line 11
[11-Sep-2025 09:44:47 Africa/Tunis] PHP Warning:  Undefined variable $email in C:\laragon\www\wordpress\wp-content\plugins\secure-login\includes\login-handler.php on line 4
[11-Sep-2025 09:44:47 Africa/Tunis] PHP Deprecated:  Le fichier class-phpmailer.php est <strong>obsolète</strong> depuis la version 5.5.0 ! Utilisez wp-includes/PHPMailer/PHPMailer.php à la place. The PHPMailer class has been moved to wp-includes/PHPMailer subdirectory and now uses the PHPMailer\PHPMailer namespace. in C:\laragon\www\wordpress\wp-includes\functions.php on line 6121
[11-Sep-2025 09:44:47 Africa/Tunis] PHP Deprecated:  Le fichier class-smtp.php est <strong>obsolète</strong> depuis la version 5.5.0 ! Utilisez wp-includes/PHPMailer/SMTP.php à la place. The SMTP class has been moved to the wp-includes/PHPMailer subdirectory and now uses the PHPMailer\PHPMailer namespace. in C:\laragon\www\wordpress\wp-includes\functions.php on line 6121
[11-Sep-2025 08:45:06 UTC] PHP Warning:  Constant GE_MODULE already defined in C:\laragon\www\wordpress\wp-content\plugins\GestionMasters\GestionMasters.php on line 11
[11-Sep-2025 09:45:06 Africa/Tunis] PHP Warning:  Undefined variable $email in C:\laragon\www\wordpress\wp-content\plugins\secure-login\includes\login-handler.php on line 4
[11-Sep-2025 09:45:06 Africa/Tunis] PHP Warning:  Attempt to read property "roles" on false in C:\laragon\www\wordpress\wp-content\plugins\secure-login\includes\login-handler.php on line 56
[11-Sep-2025 09:45:06 Africa/Tunis] PHP Fatal error:  Uncaught TypeError: in_array(): Argument #2 ($haystack) must be of type array, null given in C:\laragon\www\wordpress\wp-content\plugins\secure-login\includes\login-handler.php:56
Stack trace:
#0 C:\laragon\www\wordpress\wp-content\plugins\secure-login\includes\login-handler.php(56): in_array('administrator', NULL)
#1 C:\laragon\www\wordpress\wp-includes\class-wp-hook.php(324): {closure}('')
#2 C:\laragon\www\wordpress\wp-includes\class-wp-hook.php(348): WP_Hook->apply_filters(NULL, Array)
#3 C:\laragon\www\wordpress\wp-includes\plugin.php(517): WP_Hook->do_action(Array)
#4 C:\laragon\www\wordpress\wp-settings.php(727): do_action('init')
#5 C:\laragon\www\wordpress\wp-config.php(108): require_once('C:\\laragon\\www\\...')
#6 C:\laragon\www\wordpress\wp-load.php(50): require_once('C:\\laragon\\www\\...')
#7 C:\laragon\www\wordpress\wp-blog-header.php(13): require_once('C:\\laragon\\www\\...')
#8 C:\laragon\www\wordpress\index.php(17): require('C:\\laragon\\www\\...')
#9 {main}
  thrown in C:\laragon\www\wordpress\wp-content\plugins\secure-login\includes\login-handler.php on line 56
[11-Sep-2025 08:47:36 UTC] PHP Warning:  Constant GE_MODULE already defined in C:\laragon\www\wordpress\wp-content\plugins\GestionMasters\GestionMasters.php on line 11
[11-Sep-2025 09:47:37 Africa/Tunis] PHP Warning:  Undefined variable $email in C:\laragon\www\wordpress\wp-content\plugins\secure-login\includes\login-handler.php on line 4
[11-Sep-2025 08:47:37 UTC] PHP Warning:  Constant GE_MODULE already defined in C:\laragon\www\wordpress\wp-content\plugins\GestionMasters\GestionMasters.php on line 11
[11-Sep-2025 09:47:37 Africa/Tunis] PHP Warning:  Undefined variable $email in C:\laragon\www\wordpress\wp-content\plugins\secure-login\includes\login-handler.php on line 4
[11-Sep-2025 08:47:38 UTC] PHP Warning:  Constant GE_MODULE already defined in C:\laragon\www\wordpress\wp-content\plugins\GestionMasters\GestionMasters.php on line 11
[11-Sep-2025 09:47:38 Africa/Tunis] PHP Warning:  Undefined variable $email in C:\laragon\www\wordpress\wp-content\plugins\secure-login\includes\login-handler.php on line 4
[11-Sep-2025 09:47:39 Africa/Tunis] PHP Fatal error:  Uncaught RuntimeException: Unable to release actions from claim id 0. in C:\laragon\www\wordpress\wp-content\plugins\ultimate-member\includes\lib\action-scheduler\classes\data-stores\ActionScheduler_DBStore.php:1128
Stack trace:
#0 C:\laragon\www\wordpress\wp-content\plugins\ultimate-member\includes\lib\action-scheduler\classes\ActionScheduler_QueueRunner.php(195): ActionScheduler_DBStore->release_claim(Object(ActionScheduler_ActionClaim))
#1 C:\laragon\www\wordpress\wp-content\plugins\ultimate-member\includes\lib\action-scheduler\classes\ActionScheduler_QueueRunner.php(158): ActionScheduler_QueueRunner->do_batch(25, 'WP Cron')
#2 C:\laragon\www\wordpress\wp-includes\class-wp-hook.php(324): ActionScheduler_QueueRunner->run('WP Cron')
#3 C:\laragon\www\wordpress\wp-includes\class-wp-hook.php(348): WP_Hook->apply_filters('', Array)
#4 C:\laragon\www\wordpress\wp-includes\plugin.php(565): WP_Hook->do_action(Array)
#5 C:\laragon\www\wordpress\wp-cron.php(191): do_action_ref_array('action_schedule...', Array)
#6 {main}
  thrown in C:\laragon\www\wordpress\wp-content\plugins\ultimate-member\includes\lib\action-scheduler\classes\data-stores\ActionScheduler_DBStore.php on line 1128
[11-Sep-2025 09:47:39 Africa/Tunis] PHP Fatal error:  Uncaught RuntimeException: Unable to release actions from claim id 0. in C:\laragon\www\wordpress\wp-content\plugins\ultimate-member\includes\lib\action-scheduler\classes\data-stores\ActionScheduler_DBStore.php:1128
Stack trace:
#0 C:\laragon\www\wordpress\wp-content\plugins\ultimate-member\includes\lib\action-scheduler\classes\ActionScheduler_FatalErrorMonitor.php(95): ActionScheduler_DBStore->release_claim(Object(ActionScheduler_ActionClaim))
#1 C:\laragon\www\wordpress\wp-includes\class-wp-hook.php(324): ActionScheduler_FatalErrorMonitor->handle_unexpected_shutdown('')
#2 C:\laragon\www\wordpress\wp-includes\class-wp-hook.php(348): WP_Hook->apply_filters(NULL, Array)
#3 C:\laragon\www\wordpress\wp-includes\plugin.php(517): WP_Hook->do_action(Array)
#4 C:\laragon\www\wordpress\wp-includes\load.php(1304): do_action('shutdown')
#5 [internal function]: shutdown_action_hook()
#6 {main}
  thrown in C:\laragon\www\wordpress\wp-content\plugins\ultimate-member\includes\lib\action-scheduler\classes\data-stores\ActionScheduler_DBStore.php on line 1128
[11-Sep-2025 08:47:39 UTC] PHP Warning:  Constant GE_MODULE already defined in C:\laragon\www\wordpress\wp-content\plugins\GestionMasters\GestionMasters.php on line 11
[11-Sep-2025 09:47:39 Africa/Tunis] PHP Warning:  Undefined variable $email in C:\laragon\www\wordpress\wp-content\plugins\secure-login\includes\login-handler.php on line 4
[11-Sep-2025 08:47:41 UTC] PHP Warning:  Constant GE_MODULE already defined in C:\laragon\www\wordpress\wp-content\plugins\GestionMasters\GestionMasters.php on line 11
[11-Sep-2025 09:47:42 Africa/Tunis] PHP Warning:  Undefined variable $email in C:\laragon\www\wordpress\wp-content\plugins\secure-login\includes\login-handler.php on line 4
[11-Sep-2025 08:47:42 UTC] PHP Warning:  Constant GE_MODULE already defined in C:\laragon\www\wordpress\wp-content\plugins\GestionMasters\GestionMasters.php on line 11
[11-Sep-2025 09:47:42 Africa/Tunis] PHP Warning:  Undefined variable $email in C:\laragon\www\wordpress\wp-content\plugins\secure-login\includes\login-handler.php on line 4
[11-Sep-2025 09:47:42 Africa/Tunis] PHP Deprecated:  strpos(): Passing null to parameter #1 ($haystack) of type string is deprecated in C:\laragon\www\wordpress\wp-includes\functions.php on line 7360
[11-Sep-2025 09:47:42 Africa/Tunis] PHP Deprecated:  str_replace(): Passing null to parameter #3 ($subject) of type array|string is deprecated in C:\laragon\www\wordpress\wp-includes\functions.php on line 2195
[11-Sep-2025 08:47:49 UTC] PHP Warning:  Constant GE_MODULE already defined in C:\laragon\www\wordpress\wp-content\plugins\GestionMasters\GestionMasters.php on line 11
[11-Sep-2025 09:47:49 Africa/Tunis] PHP Warning:  Undefined variable $email in C:\laragon\www\wordpress\wp-content\plugins\secure-login\includes\login-handler.php on line 4
[11-Sep-2025 09:47:49 Africa/Tunis] PHP Deprecated:  strpos(): Passing null to parameter #1 ($haystack) of type string is deprecated in C:\laragon\www\wordpress\wp-includes\functions.php on line 7360
[11-Sep-2025 09:47:49 Africa/Tunis] PHP Deprecated:  str_replace(): Passing null to parameter #3 ($subject) of type array|string is deprecated in C:\laragon\www\wordpress\wp-includes\functions.php on line 2195
[11-Sep-2025 08:47:55 UTC] PHP Warning:  Constant GE_MODULE already defined in C:\laragon\www\wordpress\wp-content\plugins\GestionMasters\GestionMasters.php on line 11
[11-Sep-2025 09:47:55 Africa/Tunis] PHP Warning:  Undefined variable $email in C:\laragon\www\wordpress\wp-content\plugins\secure-login\includes\login-handler.php on line 4
[11-Sep-2025 08:48:12 UTC] PHP Warning:  Constant GE_MODULE already defined in C:\laragon\www\wordpress\wp-content\plugins\GestionMasters\GestionMasters.php on line 11
[11-Sep-2025 09:48:12 Africa/Tunis] PHP Warning:  Undefined variable $email in C:\laragon\www\wordpress\wp-content\plugins\secure-login\includes\login-handler.php on line 4
[11-Sep-2025 09:48:12 Africa/Tunis] PHP Warning:  Undefined array key "sl_code" in C:\laragon\www\wordpress\wp-content\plugins\secure-login\includes\login-handler.php on line 46
[11-Sep-2025 08:48:12 UTC] PHP Warning:  Constant GE_MODULE already defined in C:\laragon\www\wordpress\wp-content\plugins\GestionMasters\GestionMasters.php on line 11
[11-Sep-2025 09:48:13 Africa/Tunis] PHP Warning:  Undefined variable $email in C:\laragon\www\wordpress\wp-content\plugins\secure-login\includes\login-handler.php on line 4
[11-Sep-2025 08:48:20 UTC] PHP Warning:  Constant GE_MODULE already defined in C:\laragon\www\wordpress\wp-content\plugins\GestionMasters\GestionMasters.php on line 11
[11-Sep-2025 09:48:20 Africa/Tunis] PHP Warning:  Undefined variable $email in C:\laragon\www\wordpress\wp-content\plugins\secure-login\includes\login-handler.php on line 4
[11-Sep-2025 09:48:20 Africa/Tunis] PHP Deprecated:  strpos(): Passing null to parameter #1 ($haystack) of type string is deprecated in C:\laragon\www\wordpress\wp-includes\functions.php on line 7360
[11-Sep-2025 09:48:20 Africa/Tunis] PHP Deprecated:  str_replace(): Passing null to parameter #3 ($subject) of type array|string is deprecated in C:\laragon\www\wordpress\wp-includes\functions.php on line 2195
[11-Sep-2025 08:48:21 UTC] PHP Warning:  Constant GE_MODULE already defined in C:\laragon\www\wordpress\wp-content\plugins\GestionMasters\GestionMasters.php on line 11
[11-Sep-2025 09:48:21 Africa/Tunis] PHP Warning:  Undefined variable $email in C:\laragon\www\wordpress\wp-content\plugins\secure-login\includes\login-handler.php on line 4
[11-Sep-2025 08:48:22 UTC] PHP Warning:  Constant GE_MODULE already defined in C:\laragon\www\wordpress\wp-content\plugins\GestionMasters\GestionMasters.php on line 11
[11-Sep-2025 09:48:22 Africa/Tunis] PHP Warning:  Undefined variable $email in C:\laragon\www\wordpress\wp-content\plugins\secure-login\includes\login-handler.php on line 4
[11-Sep-2025 08:48:41 UTC] PHP Warning:  Constant GE_MODULE already defined in C:\laragon\www\wordpress\wp-content\plugins\GestionMasters\GestionMasters.php on line 11
[11-Sep-2025 09:48:41 Africa/Tunis] PHP Warning:  Undefined variable $email in C:\laragon\www\wordpress\wp-content\plugins\secure-login\includes\login-handler.php on line 4
[11-Sep-2025 09:48:41 Africa/Tunis] PHP Deprecated:  Le fichier class-phpmailer.php est <strong>obsolète</strong> depuis la version 5.5.0 ! Utilisez wp-includes/PHPMailer/PHPMailer.php à la place. The PHPMailer class has been moved to wp-includes/PHPMailer subdirectory and now uses the PHPMailer\PHPMailer namespace. in C:\laragon\www\wordpress\wp-includes\functions.php on line 6121
[11-Sep-2025 09:48:41 Africa/Tunis] PHP Deprecated:  Le fichier class-smtp.php est <strong>obsolète</strong> depuis la version 5.5.0 ! Utilisez wp-includes/PHPMailer/SMTP.php à la place. The SMTP class has been moved to the wp-includes/PHPMailer subdirectory and now uses the PHPMailer\PHPMailer namespace. in C:\laragon\www\wordpress\wp-includes\functions.php on line 6121
[11-Sep-2025 08:48:47 UTC] PHP Warning:  Constant GE_MODULE already defined in C:\laragon\www\wordpress\wp-content\plugins\GestionMasters\GestionMasters.php on line 11
[11-Sep-2025 09:48:47 Africa/Tunis] PHP Warning:  Undefined variable $email in C:\laragon\www\wordpress\wp-content\plugins\secure-login\includes\login-handler.php on line 4
[11-Sep-2025 09:48:49 Africa/Tunis] PHP Fatal error:  Uncaught RuntimeException: Unable to release actions from claim id 0. in C:\laragon\www\wordpress\wp-content\plugins\ultimate-member\includes\lib\action-scheduler\classes\data-stores\ActionScheduler_DBStore.php:1128
Stack trace:
#0 C:\laragon\www\wordpress\wp-content\plugins\ultimate-member\includes\lib\action-scheduler\classes\ActionScheduler_QueueRunner.php(195): ActionScheduler_DBStore->release_claim(Object(ActionScheduler_ActionClaim))
#1 C:\laragon\www\wordpress\wp-content\plugins\ultimate-member\includes\lib\action-scheduler\classes\ActionScheduler_QueueRunner.php(158): ActionScheduler_QueueRunner->do_batch(25, 'WP Cron')
#2 C:\laragon\www\wordpress\wp-includes\class-wp-hook.php(324): ActionScheduler_QueueRunner->run('WP Cron')
#3 C:\laragon\www\wordpress\wp-includes\class-wp-hook.php(348): WP_Hook->apply_filters('', Array)
#4 C:\laragon\www\wordpress\wp-includes\plugin.php(565): WP_Hook->do_action(Array)
#5 C:\laragon\www\wordpress\wp-cron.php(191): do_action_ref_array('action_schedule...', Array)
#6 {main}
  thrown in C:\laragon\www\wordpress\wp-content\plugins\ultimate-member\includes\lib\action-scheduler\classes\data-stores\ActionScheduler_DBStore.php on line 1128
[11-Sep-2025 09:48:49 Africa/Tunis] PHP Fatal error:  Uncaught RuntimeException: Unable to release actions from claim id 0. in C:\laragon\www\wordpress\wp-content\plugins\ultimate-member\includes\lib\action-scheduler\classes\data-stores\ActionScheduler_DBStore.php:1128
Stack trace:
#0 C:\laragon\www\wordpress\wp-content\plugins\ultimate-member\includes\lib\action-scheduler\classes\ActionScheduler_FatalErrorMonitor.php(95): ActionScheduler_DBStore->release_claim(Object(ActionScheduler_ActionClaim))
#1 C:\laragon\www\wordpress\wp-includes\class-wp-hook.php(324): ActionScheduler_FatalErrorMonitor->handle_unexpected_shutdown('')
#2 C:\laragon\www\wordpress\wp-includes\class-wp-hook.php(348): WP_Hook->apply_filters(NULL, Array)
#3 C:\laragon\www\wordpress\wp-includes\plugin.php(517): WP_Hook->do_action(Array)
#4 C:\laragon\www\wordpress\wp-includes\load.php(1304): do_action('shutdown')
#5 [internal function]: shutdown_action_hook()
#6 {main}
  thrown in C:\laragon\www\wordpress\wp-content\plugins\ultimate-member\includes\lib\action-scheduler\classes\data-stores\ActionScheduler_DBStore.php on line 1128
[11-Sep-2025 08:49:00 UTC] PHP Warning:  Constant GE_MODULE already defined in C:\laragon\www\wordpress\wp-content\plugins\GestionMasters\GestionMasters.php on line 11
[11-Sep-2025 09:49:00 Africa/Tunis] PHP Warning:  Undefined variable $email in C:\laragon\www\wordpress\wp-content\plugins\secure-login\includes\login-handler.php on line 4
[11-Sep-2025 09:49:00 Africa/Tunis] PHP Warning:  Attempt to read property "roles" on false in C:\laragon\www\wordpress\wp-content\plugins\secure-login\includes\login-handler.php on line 56
[11-Sep-2025 09:49:00 Africa/Tunis] PHP Fatal error:  Uncaught TypeError: in_array(): Argument #2 ($haystack) must be of type array, null given in C:\laragon\www\wordpress\wp-content\plugins\secure-login\includes\login-handler.php:56
Stack trace:
#0 C:\laragon\www\wordpress\wp-content\plugins\secure-login\includes\login-handler.php(56): in_array('administrator', NULL)
#1 C:\laragon\www\wordpress\wp-includes\class-wp-hook.php(324): {closure}('')
#2 C:\laragon\www\wordpress\wp-includes\class-wp-hook.php(348): WP_Hook->apply_filters(NULL, Array)
#3 C:\laragon\www\wordpress\wp-includes\plugin.php(517): WP_Hook->do_action(Array)
#4 C:\laragon\www\wordpress\wp-settings.php(727): do_action('init')
#5 C:\laragon\www\wordpress\wp-config.php(108): require_once('C:\\laragon\\www\\...')
#6 C:\laragon\www\wordpress\wp-load.php(50): require_once('C:\\laragon\\www\\...')
#7 C:\laragon\www\wordpress\wp-blog-header.php(13): require_once('C:\\laragon\\www\\...')
#8 C:\laragon\www\wordpress\index.php(17): require('C:\\laragon\\www\\...')
#9 {main}
  thrown in C:\laragon\www\wordpress\wp-content\plugins\secure-login\includes\login-handler.php on line 56
[11-Sep-2025 08:49:21 UTC] PHP Warning:  Constant GE_MODULE already defined in C:\laragon\www\wordpress\wp-content\plugins\GestionMasters\GestionMasters.php on line 11
[11-Sep-2025 09:49:21 Africa/Tunis] PHP Warning:  Undefined variable $email in C:\laragon\www\wordpress\wp-content\plugins\secure-login\includes\login-handler.php on line 4
[11-Sep-2025 08:49:44 UTC] PHP Warning:  Constant GE_MODULE already defined in C:\laragon\www\wordpress\wp-content\plugins\GestionMasters\GestionMasters.php on line 11
[11-Sep-2025 08:49:44 UTC] PHP Warning:  Constant GE_MODULE already defined in C:\laragon\www\wordpress\wp-content\plugins\GestionMasters\GestionMasters.php on line 11
[11-Sep-2025 08:50:01 UTC] PHP Warning:  Constant GE_MODULE already defined in C:\laragon\www\wordpress\wp-content\plugins\GestionMasters\GestionMasters.php on line 11
[11-Sep-2025 08:50:01 UTC] PHP Warning:  Constant GE_MODULE already defined in C:\laragon\www\wordpress\wp-content\plugins\GestionMasters\GestionMasters.php on line 11
[11-Sep-2025 08:50:02 UTC] PHP Warning:  Constant GE_MODULE already defined in C:\laragon\www\wordpress\wp-content\plugins\GestionMasters\GestionMasters.php on line 11
[11-Sep-2025 09:50:03 Africa/Tunis] PHP Fatal error:  Uncaught RuntimeException: Unable to release actions from claim id 0. in C:\laragon\www\wordpress\wp-content\plugins\ultimate-member\includes\lib\action-scheduler\classes\data-stores\ActionScheduler_DBStore.php:1128
Stack trace:
#0 C:\laragon\www\wordpress\wp-content\plugins\ultimate-member\includes\lib\action-scheduler\classes\ActionScheduler_QueueRunner.php(195): ActionScheduler_DBStore->release_claim(Object(ActionScheduler_ActionClaim))
#1 C:\laragon\www\wordpress\wp-content\plugins\ultimate-member\includes\lib\action-scheduler\classes\ActionScheduler_QueueRunner.php(158): ActionScheduler_QueueRunner->do_batch(25, 'WP Cron')
#2 C:\laragon\www\wordpress\wp-includes\class-wp-hook.php(324): ActionScheduler_QueueRunner->run('WP Cron')
#3 C:\laragon\www\wordpress\wp-includes\class-wp-hook.php(348): WP_Hook->apply_filters('', Array)
#4 C:\laragon\www\wordpress\wp-includes\plugin.php(565): WP_Hook->do_action(Array)
#5 C:\laragon\www\wordpress\wp-cron.php(191): do_action_ref_array('action_schedule...', Array)
#6 {main}
  thrown in C:\laragon\www\wordpress\wp-content\plugins\ultimate-member\includes\lib\action-scheduler\classes\data-stores\ActionScheduler_DBStore.php on line 1128
[11-Sep-2025 09:50:03 Africa/Tunis] PHP Fatal error:  Uncaught RuntimeException: Unable to release actions from claim id 0. in C:\laragon\www\wordpress\wp-content\plugins\ultimate-member\includes\lib\action-scheduler\classes\data-stores\ActionScheduler_DBStore.php:1128
Stack trace:
#0 C:\laragon\www\wordpress\wp-content\plugins\ultimate-member\includes\lib\action-scheduler\classes\ActionScheduler_FatalErrorMonitor.php(95): ActionScheduler_DBStore->release_claim(Object(ActionScheduler_ActionClaim))
#1 C:\laragon\www\wordpress\wp-includes\class-wp-hook.php(324): ActionScheduler_FatalErrorMonitor->handle_unexpected_shutdown('')
#2 C:\laragon\www\wordpress\wp-includes\class-wp-hook.php(348): WP_Hook->apply_filters(NULL, Array)
#3 C:\laragon\www\wordpress\wp-includes\plugin.php(517): WP_Hook->do_action(Array)
#4 C:\laragon\www\wordpress\wp-includes\load.php(1304): do_action('shutdown')
#5 [internal function]: shutdown_action_hook()
#6 {main}
  thrown in C:\laragon\www\wordpress\wp-content\plugins\ultimate-member\includes\lib\action-scheduler\classes\data-stores\ActionScheduler_DBStore.php on line 1128
[11-Sep-2025 08:50:15 UTC] PHP Warning:  Constant GE_MODULE already defined in C:\laragon\www\wordpress\wp-content\plugins\GestionMasters\GestionMasters.php on line 11
[11-Sep-2025 08:50:16 UTC] PHP Warning:  Constant GE_MODULE already defined in C:\laragon\www\wordpress\wp-content\plugins\GestionMasters\GestionMasters.php on line 11
[11-Sep-2025 08:50:21 UTC] PHP Warning:  Constant GE_MODULE already defined in C:\laragon\www\wordpress\wp-content\plugins\GestionMasters\GestionMasters.php on line 11
[11-Sep-2025 08:50:44 UTC] PHP Warning:  Constant GE_MODULE already defined in C:\laragon\www\wordpress\wp-content\plugins\GestionMasters\GestionMasters.php on line 11
[11-Sep-2025 09:50:44 Africa/Tunis] PHP Warning:  Undefined variable $email in C:\laragon\www\wordpress\wp-content\plugins\secure-login\includes\login-handler.php on line 4
[11-Sep-2025 08:50:45 UTC] PHP Warning:  Constant GE_MODULE already defined in C:\laragon\www\wordpress\wp-content\plugins\GestionMasters\GestionMasters.php on line 11
[11-Sep-2025 09:50:45 Africa/Tunis] PHP Warning:  Undefined variable $email in C:\laragon\www\wordpress\wp-content\plugins\secure-login\includes\login-handler.php on line 4
[11-Sep-2025 08:51:21 UTC] PHP Warning:  Constant GE_MODULE already defined in C:\laragon\www\wordpress\wp-content\plugins\GestionMasters\GestionMasters.php on line 11
[11-Sep-2025 09:51:21 Africa/Tunis] PHP Warning:  Undefined variable $email in C:\laragon\www\wordpress\wp-content\plugins\secure-login\includes\login-handler.php on line 4
[11-Sep-2025 08:51:21 UTC] PHP Warning:  Constant GE_MODULE already defined in C:\laragon\www\wordpress\wp-content\plugins\GestionMasters\GestionMasters.php on line 11
[11-Sep-2025 09:51:21 Africa/Tunis] PHP Warning:  Undefined variable $email in C:\laragon\www\wordpress\wp-content\plugins\secure-login\includes\login-handler.php on line 4
[11-Sep-2025 09:51:23 Africa/Tunis] PHP Fatal error:  Uncaught RuntimeException: Unable to release actions from claim id 0. in C:\laragon\www\wordpress\wp-content\plugins\ultimate-member\includes\lib\action-scheduler\classes\data-stores\ActionScheduler_DBStore.php:1128
Stack trace:
#0 C:\laragon\www\wordpress\wp-content\plugins\ultimate-member\includes\lib\action-scheduler\classes\ActionScheduler_QueueRunner.php(195): ActionScheduler_DBStore->release_claim(Object(ActionScheduler_ActionClaim))
#1 C:\laragon\www\wordpress\wp-content\plugins\ultimate-member\includes\lib\action-scheduler\classes\ActionScheduler_QueueRunner.php(158): ActionScheduler_QueueRunner->do_batch(25, 'WP Cron')
#2 C:\laragon\www\wordpress\wp-includes\class-wp-hook.php(324): ActionScheduler_QueueRunner->run('WP Cron')
#3 C:\laragon\www\wordpress\wp-includes\class-wp-hook.php(348): WP_Hook->apply_filters('', Array)
#4 C:\laragon\www\wordpress\wp-includes\plugin.php(565): WP_Hook->do_action(Array)
#5 C:\laragon\www\wordpress\wp-cron.php(191): do_action_ref_array('action_schedule...', Array)
#6 {main}
  thrown in C:\laragon\www\wordpress\wp-content\plugins\ultimate-member\includes\lib\action-scheduler\classes\data-stores\ActionScheduler_DBStore.php on line 1128
[11-Sep-2025 09:51:23 Africa/Tunis] PHP Fatal error:  Uncaught RuntimeException: Unable to release actions from claim id 0. in C:\laragon\www\wordpress\wp-content\plugins\ultimate-member\includes\lib\action-scheduler\classes\data-stores\ActionScheduler_DBStore.php:1128
Stack trace:
#0 C:\laragon\www\wordpress\wp-content\plugins\ultimate-member\includes\lib\action-scheduler\classes\ActionScheduler_FatalErrorMonitor.php(95): ActionScheduler_DBStore->release_claim(Object(ActionScheduler_ActionClaim))
#1 C:\laragon\www\wordpress\wp-includes\class-wp-hook.php(324): ActionScheduler_FatalErrorMonitor->handle_unexpected_shutdown('')
#2 C:\laragon\www\wordpress\wp-includes\class-wp-hook.php(348): WP_Hook->apply_filters(NULL, Array)
#3 C:\laragon\www\wordpress\wp-includes\plugin.php(517): WP_Hook->do_action(Array)
#4 C:\laragon\www\wordpress\wp-includes\load.php(1304): do_action('shutdown')
#5 [internal function]: shutdown_action_hook()
#6 {main}
  thrown in C:\laragon\www\wordpress\wp-content\plugins\ultimate-member\includes\lib\action-scheduler\classes\data-stores\ActionScheduler_DBStore.php on line 1128
[11-Sep-2025 08:51:50 UTC] PHP Warning:  Constant GE_MODULE already defined in C:\laragon\www\wordpress\wp-content\plugins\GestionMasters\GestionMasters.php on line 11
[11-Sep-2025 09:51:50 Africa/Tunis] PHP Warning:  Undefined variable $email in C:\laragon\www\wordpress\wp-content\plugins\secure-login\includes\login-handler.php on line 4
[11-Sep-2025 08:51:50 UTC] PHP Warning:  Constant GE_MODULE already defined in C:\laragon\www\wordpress\wp-content\plugins\GestionMasters\GestionMasters.php on line 11
[11-Sep-2025 09:51:51 Africa/Tunis] PHP Warning:  Undefined variable $email in C:\laragon\www\wordpress\wp-content\plugins\secure-login\includes\login-handler.php on line 4
[11-Sep-2025 08:51:51 UTC] PHP Warning:  Constant GE_MODULE already defined in C:\laragon\www\wordpress\wp-content\plugins\GestionMasters\GestionMasters.php on line 11
[11-Sep-2025 09:51:51 Africa/Tunis] PHP Warning:  Undefined variable $email in C:\laragon\www\wordpress\wp-content\plugins\secure-login\includes\login-handler.php on line 4
[11-Sep-2025 08:51:54 UTC] PHP Warning:  Constant GE_MODULE already defined in C:\laragon\www\wordpress\wp-content\plugins\GestionMasters\GestionMasters.php on line 11
[11-Sep-2025 09:51:54 Africa/Tunis] PHP Warning:  Undefined variable $email in C:\laragon\www\wordpress\wp-content\plugins\secure-login\includes\login-handler.php on line 4
[11-Sep-2025 09:51:54 Africa/Tunis] PHP Deprecated:  Le fichier class-phpmailer.php est <strong>obsolète</strong> depuis la version 5.5.0 ! Utilisez wp-includes/PHPMailer/PHPMailer.php à la place. The PHPMailer class has been moved to wp-includes/PHPMailer subdirectory and now uses the PHPMailer\PHPMailer namespace. in C:\laragon\www\wordpress\wp-includes\functions.php on line 6121
[11-Sep-2025 09:51:54 Africa/Tunis] PHP Deprecated:  Le fichier class-smtp.php est <strong>obsolète</strong> depuis la version 5.5.0 ! Utilisez wp-includes/PHPMailer/SMTP.php à la place. The SMTP class has been moved to the wp-includes/PHPMailer subdirectory and now uses the PHPMailer\PHPMailer namespace. in C:\laragon\www\wordpress\wp-includes\functions.php on line 6121
[11-Sep-2025 08:52:44 UTC] PHP Warning:  Constant GE_MODULE already defined in C:\laragon\www\wordpress\wp-content\plugins\GestionMasters\GestionMasters.php on line 11
[11-Sep-2025 09:52:44 Africa/Tunis] PHP Warning:  Undefined variable $email in C:\laragon\www\wordpress\wp-content\plugins\secure-login\includes\login-handler.php on line 4
[11-Sep-2025 09:52:44 Africa/Tunis] PHP Warning:  Attempt to read property "roles" on false in C:\laragon\www\wordpress\wp-content\plugins\secure-login\includes\login-handler.php on line 56
[11-Sep-2025 09:52:44 Africa/Tunis] PHP Fatal error:  Uncaught TypeError: in_array(): Argument #2 ($haystack) must be of type array, null given in C:\laragon\www\wordpress\wp-content\plugins\secure-login\includes\login-handler.php:56
Stack trace:
#0 C:\laragon\www\wordpress\wp-content\plugins\secure-login\includes\login-handler.php(56): in_array('administrator', NULL)
#1 C:\laragon\www\wordpress\wp-includes\class-wp-hook.php(324): {closure}('')
#2 C:\laragon\www\wordpress\wp-includes\class-wp-hook.php(348): WP_Hook->apply_filters(NULL, Array)
#3 C:\laragon\www\wordpress\wp-includes\plugin.php(517): WP_Hook->do_action(Array)
#4 C:\laragon\www\wordpress\wp-settings.php(727): do_action('init')
#5 C:\laragon\www\wordpress\wp-config.php(108): require_once('C:\\laragon\\www\\...')
#6 C:\laragon\www\wordpress\wp-load.php(50): require_once('C:\\laragon\\www\\...')
#7 C:\laragon\www\wordpress\wp-blog-header.php(13): require_once('C:\\laragon\\www\\...')
#8 C:\laragon\www\wordpress\index.php(17): require('C:\\laragon\\www\\...')
#9 {main}
  thrown in C:\laragon\www\wordpress\wp-content\plugins\secure-login\includes\login-handler.php on line 56
[11-Sep-2025 08:53:22 UTC] PHP Warning:  Constant GE_MODULE already defined in C:\laragon\www\wordpress\wp-content\plugins\GestionMasters\GestionMasters.php on line 11
[11-Sep-2025 09:53:22 Africa/Tunis] PHP Warning:  Undefined variable $email in C:\laragon\www\wordpress\wp-content\plugins\secure-login\includes\login-handler.php on line 4
[11-Sep-2025 08:53:22 UTC] PHP Warning:  Constant GE_MODULE already defined in C:\laragon\www\wordpress\wp-content\plugins\GestionMasters\GestionMasters.php on line 11
[11-Sep-2025 09:53:22 Africa/Tunis] PHP Warning:  Undefined variable $email in C:\laragon\www\wordpress\wp-content\plugins\secure-login\includes\login-handler.php on line 4
[11-Sep-2025 09:53:24 Africa/Tunis] PHP Fatal error:  Uncaught RuntimeException: Unable to release actions from claim id 0. in C:\laragon\www\wordpress\wp-content\plugins\ultimate-member\includes\lib\action-scheduler\classes\data-stores\ActionScheduler_DBStore.php:1128
Stack trace:
#0 C:\laragon\www\wordpress\wp-content\plugins\ultimate-member\includes\lib\action-scheduler\classes\ActionScheduler_QueueRunner.php(195): ActionScheduler_DBStore->release_claim(Object(ActionScheduler_ActionClaim))
#1 C:\laragon\www\wordpress\wp-content\plugins\ultimate-member\includes\lib\action-scheduler\classes\ActionScheduler_QueueRunner.php(158): ActionScheduler_QueueRunner->do_batch(25, 'WP Cron')
#2 C:\laragon\www\wordpress\wp-includes\class-wp-hook.php(324): ActionScheduler_QueueRunner->run('WP Cron')
#3 C:\laragon\www\wordpress\wp-includes\class-wp-hook.php(348): WP_Hook->apply_filters('', Array)
#4 C:\laragon\www\wordpress\wp-includes\plugin.php(565): WP_Hook->do_action(Array)
#5 C:\laragon\www\wordpress\wp-cron.php(191): do_action_ref_array('action_schedule...', Array)
#6 {main}
  thrown in C:\laragon\www\wordpress\wp-content\plugins\ultimate-member\includes\lib\action-scheduler\classes\data-stores\ActionScheduler_DBStore.php on line 1128
[11-Sep-2025 09:53:24 Africa/Tunis] PHP Fatal error:  Uncaught RuntimeException: Unable to release actions from claim id 0. in C:\laragon\www\wordpress\wp-content\plugins\ultimate-member\includes\lib\action-scheduler\classes\data-stores\ActionScheduler_DBStore.php:1128
Stack trace:
#0 C:\laragon\www\wordpress\wp-content\plugins\ultimate-member\includes\lib\action-scheduler\classes\ActionScheduler_FatalErrorMonitor.php(95): ActionScheduler_DBStore->release_claim(Object(ActionScheduler_ActionClaim))
#1 C:\laragon\www\wordpress\wp-includes\class-wp-hook.php(324): ActionScheduler_FatalErrorMonitor->handle_unexpected_shutdown('')
#2 C:\laragon\www\wordpress\wp-includes\class-wp-hook.php(348): WP_Hook->apply_filters(NULL, Array)
#3 C:\laragon\www\wordpress\wp-includes\plugin.php(517): WP_Hook->do_action(Array)
#4 C:\laragon\www\wordpress\wp-includes\load.php(1304): do_action('shutdown')
#5 [internal function]: shutdown_action_hook()
#6 {main}
  thrown in C:\laragon\www\wordpress\wp-content\plugins\ultimate-member\includes\lib\action-scheduler\classes\data-stores\ActionScheduler_DBStore.php on line 1128
[11-Sep-2025 12:30:47 UTC] PHP Warning:  Constant GE_MODULE already defined in C:\laragon\www\wordpress\wp-content\plugins\GestionMasters\GestionMasters.php on line 11
[11-Sep-2025 13:30:47 Africa/Tunis] PHP Warning:  Undefined variable $email in C:\laragon\www\wordpress\wp-content\plugins\secure-login\includes\login-handler.php on line 4
[11-Sep-2025 12:30:47 UTC] PHP Warning:  Constant GE_MODULE already defined in C:\laragon\www\wordpress\wp-content\plugins\GestionMasters\GestionMasters.php on line 11
[11-Sep-2025 13:30:47 Africa/Tunis] PHP Warning:  Undefined variable $email in C:\laragon\www\wordpress\wp-content\plugins\secure-login\includes\login-handler.php on line 4
[11-Sep-2025 13:30:48 Africa/Tunis] PHP Warning:  require_once(C:\laragon\www\wordpress\wp-content\plugins\plateforme-master\Modules\LaboRecherche\pages/../../../../config/roles.php): Failed to open stream: No such file or directory in C:\laragon\www\wordpress\wp-content\plugins\plateforme-master\Modules\LaboRecherche\pages\DashboardLABO.php on line 4
[11-Sep-2025 13:30:48 Africa/Tunis] PHP Fatal error:  Uncaught Error: Failed opening required 'C:\laragon\www\wordpress\wp-content\plugins\plateforme-master\Modules\LaboRecherche\pages/../../../../config/roles.php' (include_path='.;C:/laragon/etc/php/pear') in C:\laragon\www\wordpress\wp-content\plugins\plateforme-master\Modules\LaboRecherche\pages\DashboardLABO.php:4
Stack trace:
#0 C:\laragon\www\wordpress\wp-content\plugins\plateforme-master\plateforme-master.php(2020): include()
#1 C:\laragon\www\wordpress\wp-includes\class-wp-hook.php(324): pm_template_override('')
#2 C:\laragon\www\wordpress\wp-includes\class-wp-hook.php(348): WP_Hook->apply_filters(NULL, Array)
#3 C:\laragon\www\wordpress\wp-includes\plugin.php(517): WP_Hook->do_action(Array)
#4 C:\laragon\www\wordpress\wp-includes\template-loader.php(13): do_action('template_redire...')
#5 C:\laragon\www\wordpress\wp-blog-header.php(19): require_once('C:\\laragon\\www\\...')
#6 C:\laragon\www\wordpress\index.php(17): require('C:\\laragon\\www\\...')
#7 {main}
  thrown in C:\laragon\www\wordpress\wp-content\plugins\plateforme-master\Modules\LaboRecherche\pages\DashboardLABO.php on line 4
[11-Sep-2025 12:30:49 UTC] PHP Warning:  Constant GE_MODULE already defined in C:\laragon\www\wordpress\wp-content\plugins\GestionMasters\GestionMasters.php on line 11
[11-Sep-2025 13:30:49 Africa/Tunis] PHP Warning:  Undefined variable $email in C:\laragon\www\wordpress\wp-content\plugins\secure-login\includes\login-handler.php on line 4
[11-Sep-2025 13:30:50 Africa/Tunis] PHP Fatal error:  Uncaught RuntimeException: Unable to release actions from claim id 0. in C:\laragon\www\wordpress\wp-content\plugins\ultimate-member\includes\lib\action-scheduler\classes\data-stores\ActionScheduler_DBStore.php:1128
Stack trace:
#0 C:\laragon\www\wordpress\wp-content\plugins\ultimate-member\includes\lib\action-scheduler\classes\ActionScheduler_QueueRunner.php(195): ActionScheduler_DBStore->release_claim(Object(ActionScheduler_ActionClaim))
#1 C:\laragon\www\wordpress\wp-content\plugins\ultimate-member\includes\lib\action-scheduler\classes\ActionScheduler_QueueRunner.php(158): ActionScheduler_QueueRunner->do_batch(25, 'WP Cron')
#2 C:\laragon\www\wordpress\wp-includes\class-wp-hook.php(324): ActionScheduler_QueueRunner->run('WP Cron')
#3 C:\laragon\www\wordpress\wp-includes\class-wp-hook.php(348): WP_Hook->apply_filters('', Array)
#4 C:\laragon\www\wordpress\wp-includes\plugin.php(565): WP_Hook->do_action(Array)
#5 C:\laragon\www\wordpress\wp-cron.php(191): do_action_ref_array('action_schedule...', Array)
#6 {main}
  thrown in C:\laragon\www\wordpress\wp-content\plugins\ultimate-member\includes\lib\action-scheduler\classes\data-stores\ActionScheduler_DBStore.php on line 1128
[11-Sep-2025 13:30:50 Africa/Tunis] PHP Fatal error:  Uncaught RuntimeException: Unable to release actions from claim id 0. in C:\laragon\www\wordpress\wp-content\plugins\ultimate-member\includes\lib\action-scheduler\classes\data-stores\ActionScheduler_DBStore.php:1128
Stack trace:
#0 C:\laragon\www\wordpress\wp-content\plugins\ultimate-member\includes\lib\action-scheduler\classes\ActionScheduler_FatalErrorMonitor.php(95): ActionScheduler_DBStore->release_claim(Object(ActionScheduler_ActionClaim))
#1 C:\laragon\www\wordpress\wp-includes\class-wp-hook.php(324): ActionScheduler_FatalErrorMonitor->handle_unexpected_shutdown('')
#2 C:\laragon\www\wordpress\wp-includes\class-wp-hook.php(348): WP_Hook->apply_filters(NULL, Array)
#3 C:\laragon\www\wordpress\wp-includes\plugin.php(517): WP_Hook->do_action(Array)
#4 C:\laragon\www\wordpress\wp-includes\load.php(1304): do_action('shutdown')
#5 [internal function]: shutdown_action_hook()
#6 {main}
  thrown in C:\laragon\www\wordpress\wp-content\plugins\ultimate-member\includes\lib\action-scheduler\classes\data-stores\ActionScheduler_DBStore.php on line 1128
[11-Sep-2025 12:32:51 UTC] PHP Warning:  Constant GE_MODULE already defined in C:\laragon\www\wordpress\wp-content\plugins\GestionMasters\GestionMasters.php on line 11
[11-Sep-2025 13:32:51 Africa/Tunis] PHP Warning:  Undefined variable $email in C:\laragon\www\wordpress\wp-content\plugins\secure-login\includes\login-handler.php on line 4
[11-Sep-2025 12:32:52 UTC] PHP Warning:  Constant GE_MODULE already defined in C:\laragon\www\wordpress\wp-content\plugins\GestionMasters\GestionMasters.php on line 11
[11-Sep-2025 13:32:52 Africa/Tunis] PHP Warning:  Undefined variable $email in C:\laragon\www\wordpress\wp-content\plugins\secure-login\includes\login-handler.php on line 4
[11-Sep-2025 13:32:53 Africa/Tunis] PHP Warning:  Undefined variable $labo_logo_url in C:\laragon\www\wordpress\wp-content\plugins\plateforme-master\Modules\LaboRecherche\pages\components\Top-Boxes.php on line 221
[11-Sep-2025 13:32:53 Africa/Tunis] PHP Deprecated:  ltrim(): Passing null to parameter #1 ($string) of type string is deprecated in C:\laragon\www\wordpress\wp-includes\formatting.php on line 4486
[11-Sep-2025 13:32:53 Africa/Tunis] PHP Warning:  include(components/scripts.php): Failed to open stream: No such file or directory in C:\laragon\www\wordpress\wp-content\plugins\plateforme-master\Modules\LaboRecherche\pages\DashboardLABO.php on line 96
[11-Sep-2025 13:32:53 Africa/Tunis] PHP Warning:  include(): Failed opening 'components/scripts.php' for inclusion (include_path='.;C:/laragon/etc/php/pear') in C:\laragon\www\wordpress\wp-content\plugins\plateforme-master\Modules\LaboRecherche\pages\DashboardLABO.php on line 96
[11-Sep-2025 12:32:53 UTC] PHP Warning:  Constant GE_MODULE already defined in C:\laragon\www\wordpress\wp-content\plugins\GestionMasters\GestionMasters.php on line 11
[11-Sep-2025 13:32:53 Africa/Tunis] PHP Warning:  Undefined variable $email in C:\laragon\www\wordpress\wp-content\plugins\secure-login\includes\login-handler.php on line 4
[11-Sep-2025 12:32:54 UTC] PHP Warning:  Constant GE_MODULE already defined in C:\laragon\www\wordpress\wp-content\plugins\GestionMasters\GestionMasters.php on line 11
[11-Sep-2025 13:32:54 Africa/Tunis] PHP Warning:  Undefined variable $email in C:\laragon\www\wordpress\wp-content\plugins\secure-login\includes\login-handler.php on line 4
[11-Sep-2025 12:32:55 UTC] PHP Warning:  Constant GE_MODULE already defined in C:\laragon\www\wordpress\wp-content\plugins\GestionMasters\GestionMasters.php on line 11
[11-Sep-2025 12:32:55 UTC] PHP Warning:  Constant GE_MODULE already defined in C:\laragon\www\wordpress\wp-content\plugins\GestionMasters\GestionMasters.php on line 11
[11-Sep-2025 12:32:55 UTC] PHP Warning:  Constant GE_MODULE already defined in C:\laragon\www\wordpress\wp-content\plugins\GestionMasters\GestionMasters.php on line 11
[11-Sep-2025 13:32:55 Africa/Tunis] PHP Fatal error:  Uncaught RuntimeException: Unable to release actions from claim id 0. in C:\laragon\www\wordpress\wp-content\plugins\ultimate-member\includes\lib\action-scheduler\classes\data-stores\ActionScheduler_DBStore.php:1128
Stack trace:
#0 C:\laragon\www\wordpress\wp-content\plugins\ultimate-member\includes\lib\action-scheduler\classes\ActionScheduler_QueueRunner.php(195): ActionScheduler_DBStore->release_claim(Object(ActionScheduler_ActionClaim))
#1 C:\laragon\www\wordpress\wp-content\plugins\ultimate-member\includes\lib\action-scheduler\classes\ActionScheduler_QueueRunner.php(158): ActionScheduler_QueueRunner->do_batch(25, 'WP Cron')
#2 C:\laragon\www\wordpress\wp-includes\class-wp-hook.php(324): ActionScheduler_QueueRunner->run('WP Cron')
#3 C:\laragon\www\wordpress\wp-includes\class-wp-hook.php(348): WP_Hook->apply_filters('', Array)
#4 C:\laragon\www\wordpress\wp-includes\plugin.php(565): WP_Hook->do_action(Array)
#5 C:\laragon\www\wordpress\wp-cron.php(191): do_action_ref_array('action_schedule...', Array)
#6 {main}
  thrown in C:\laragon\www\wordpress\wp-content\plugins\ultimate-member\includes\lib\action-scheduler\classes\data-stores\ActionScheduler_DBStore.php on line 1128
[11-Sep-2025 13:32:55 Africa/Tunis] PHP Fatal error:  Uncaught RuntimeException: Unable to release actions from claim id 0. in C:\laragon\www\wordpress\wp-content\plugins\ultimate-member\includes\lib\action-scheduler\classes\data-stores\ActionScheduler_DBStore.php:1128
Stack trace:
#0 C:\laragon\www\wordpress\wp-content\plugins\ultimate-member\includes\lib\action-scheduler\classes\ActionScheduler_FatalErrorMonitor.php(95): ActionScheduler_DBStore->release_claim(Object(ActionScheduler_ActionClaim))
#1 C:\laragon\www\wordpress\wp-includes\class-wp-hook.php(324): ActionScheduler_FatalErrorMonitor->handle_unexpected_shutdown('')
#2 C:\laragon\www\wordpress\wp-includes\class-wp-hook.php(348): WP_Hook->apply_filters(NULL, Array)
#3 C:\laragon\www\wordpress\wp-includes\plugin.php(517): WP_Hook->do_action(Array)
#4 C:\laragon\www\wordpress\wp-includes\load.php(1304): do_action('shutdown')
#5 [internal function]: shutdown_action_hook()
#6 {main}
  thrown in C:\laragon\www\wordpress\wp-content\plugins\ultimate-member\includes\lib\action-scheduler\classes\data-stores\ActionScheduler_DBStore.php on line 1128
[11-Sep-2025 13:32:55 Africa/Tunis] PHP Warning:  Undefined variable $email in C:\laragon\www\wordpress\wp-content\plugins\secure-login\includes\login-handler.php on line 4
[11-Sep-2025 13:32:55 Africa/Tunis] PHP Warning:  Undefined variable $email in C:\laragon\www\wordpress\wp-content\plugins\secure-login\includes\login-handler.php on line 4
[11-Sep-2025 13:32:56 Africa/Tunis] PHP Warning:  Undefined variable $email in C:\laragon\www\wordpress\wp-content\plugins\secure-login\includes\login-handler.php on line 4
[11-Sep-2025 12:32:56 UTC] PHP Warning:  Constant GE_MODULE already defined in C:\laragon\www\wordpress\wp-content\plugins\GestionMasters\GestionMasters.php on line 11
[11-Sep-2025 12:32:56 UTC] PHP Warning:  Constant GE_MODULE already defined in C:\laragon\www\wordpress\wp-content\plugins\GestionMasters\GestionMasters.php on line 11
[11-Sep-2025 12:32:56 UTC] PHP Warning:  Constant GE_MODULE already defined in C:\laragon\www\wordpress\wp-content\plugins\GestionMasters\GestionMasters.php on line 11
[11-Sep-2025 13:32:56 Africa/Tunis] PHP Warning:  Undefined variable $email in C:\laragon\www\wordpress\wp-content\plugins\secure-login\includes\login-handler.php on line 4
[11-Sep-2025 13:32:56 Africa/Tunis] PHP Warning:  Undefined variable $email in C:\laragon\www\wordpress\wp-content\plugins\secure-login\includes\login-handler.php on line 4
[11-Sep-2025 13:32:56 Africa/Tunis] PHP Warning:  Undefined variable $email in C:\laragon\www\wordpress\wp-content\plugins\secure-login\includes\login-handler.php on line 4
[11-Sep-2025 12:32:56 UTC] PHP Warning:  Constant GE_MODULE already defined in C:\laragon\www\wordpress\wp-content\plugins\GestionMasters\GestionMasters.php on line 11
[11-Sep-2025 13:32:56 Africa/Tunis] PHP Warning:  Undefined variable $email in C:\laragon\www\wordpress\wp-content\plugins\secure-login\includes\login-handler.php on line 4
[11-Sep-2025 12:33:03 UTC] PHP Warning:  Constant GE_MODULE already defined in C:\laragon\www\wordpress\wp-content\plugins\GestionMasters\GestionMasters.php on line 11
[11-Sep-2025 13:33:03 Africa/Tunis] PHP Warning:  Undefined variable $email in C:\laragon\www\wordpress\wp-content\plugins\secure-login\includes\login-handler.php on line 4
[11-Sep-2025 12:33:03 UTC] PHP Warning:  Constant GE_MODULE already defined in C:\laragon\www\wordpress\wp-content\plugins\GestionMasters\GestionMasters.php on line 11
[11-Sep-2025 13:33:03 Africa/Tunis] PHP Warning:  Undefined variable $email in C:\laragon\www\wordpress\wp-content\plugins\secure-login\includes\login-handler.php on line 4
[11-Sep-2025 12:33:04 UTC] PHP Warning:  Constant GE_MODULE already defined in C:\laragon\www\wordpress\wp-content\plugins\GestionMasters\GestionMasters.php on line 11
[11-Sep-2025 13:33:04 Africa/Tunis] PHP Warning:  Undefined variable $email in C:\laragon\www\wordpress\wp-content\plugins\secure-login\includes\login-handler.php on line 4
[11-Sep-2025 13:33:04 Africa/Tunis] PHP Warning:  Undefined variable $labo_logo_url in C:\laragon\www\wordpress\wp-content\plugins\plateforme-master\Modules\LaboRecherche\pages\components\Top-Boxes.php on line 221
[11-Sep-2025 13:33:04 Africa/Tunis] PHP Deprecated:  ltrim(): Passing null to parameter #1 ($string) of type string is deprecated in C:\laragon\www\wordpress\wp-includes\formatting.php on line 4486
[11-Sep-2025 13:33:04 Africa/Tunis] PHP Warning:  include(components/scripts.php): Failed to open stream: No such file or directory in C:\laragon\www\wordpress\wp-content\plugins\plateforme-master\Modules\LaboRecherche\pages\DashboardLABO.php on line 96
[11-Sep-2025 13:33:04 Africa/Tunis] PHP Warning:  include(): Failed opening 'components/scripts.php' for inclusion (include_path='.;C:/laragon/etc/php/pear') in C:\laragon\www\wordpress\wp-content\plugins\plateforme-master\Modules\LaboRecherche\pages\DashboardLABO.php on line 96
[11-Sep-2025 12:33:04 UTC] PHP Warning:  Constant GE_MODULE already defined in C:\laragon\www\wordpress\wp-content\plugins\GestionMasters\GestionMasters.php on line 11
[11-Sep-2025 13:33:04 Africa/Tunis] PHP Warning:  Undefined variable $email in C:\laragon\www\wordpress\wp-content\plugins\secure-login\includes\login-handler.php on line 4
[11-Sep-2025 12:33:04 UTC] PHP Warning:  Constant GE_MODULE already defined in C:\laragon\www\wordpress\wp-content\plugins\GestionMasters\GestionMasters.php on line 11
[11-Sep-2025 13:33:05 Africa/Tunis] PHP Warning:  Undefined variable $email in C:\laragon\www\wordpress\wp-content\plugins\secure-login\includes\login-handler.php on line 4
[11-Sep-2025 12:33:06 UTC] PHP Warning:  Constant GE_MODULE already defined in C:\laragon\www\wordpress\wp-content\plugins\GestionMasters\GestionMasters.php on line 11
[11-Sep-2025 12:33:06 UTC] PHP Warning:  Constant GE_MODULE already defined in C:\laragon\www\wordpress\wp-content\plugins\GestionMasters\GestionMasters.php on line 11
[11-Sep-2025 12:33:06 UTC] PHP Warning:  Constant GE_MODULE already defined in C:\laragon\www\wordpress\wp-content\plugins\GestionMasters\GestionMasters.php on line 11
[11-Sep-2025 13:33:06 Africa/Tunis] PHP Warning:  Undefined variable $email in C:\laragon\www\wordpress\wp-content\plugins\secure-login\includes\login-handler.php on line 4
[11-Sep-2025 13:33:06 Africa/Tunis] PHP Warning:  Undefined variable $email in C:\laragon\www\wordpress\wp-content\plugins\secure-login\includes\login-handler.php on line 4
[11-Sep-2025 13:33:06 Africa/Tunis] PHP Warning:  Undefined variable $email in C:\laragon\www\wordpress\wp-content\plugins\secure-login\includes\login-handler.php on line 4
[11-Sep-2025 12:33:06 UTC] PHP Warning:  Constant GE_MODULE already defined in C:\laragon\www\wordpress\wp-content\plugins\GestionMasters\GestionMasters.php on line 11
[11-Sep-2025 13:33:07 Africa/Tunis] PHP Warning:  Undefined variable $email in C:\laragon\www\wordpress\wp-content\plugins\secure-login\includes\login-handler.php on line 4
[11-Sep-2025 12:33:07 UTC] PHP Warning:  Constant GE_MODULE already defined in C:\laragon\www\wordpress\wp-content\plugins\GestionMasters\GestionMasters.php on line 11
[11-Sep-2025 13:33:07 Africa/Tunis] PHP Warning:  Undefined variable $email in C:\laragon\www\wordpress\wp-content\plugins\secure-login\includes\login-handler.php on line 4
[11-Sep-2025 12:33:07 UTC] PHP Warning:  Constant GE_MODULE already defined in C:\laragon\www\wordpress\wp-content\plugins\GestionMasters\GestionMasters.php on line 11
[11-Sep-2025 13:33:07 Africa/Tunis] PHP Warning:  Undefined variable $email in C:\laragon\www\wordpress\wp-content\plugins\secure-login\includes\login-handler.php on line 4
[11-Sep-2025 16:10:04 UTC] PHP Warning:  Constant GE_MODULE already defined in C:\laragon\www\wordpress\wp-content\plugins\GestionMasters\GestionMasters.php on line 11
[11-Sep-2025 16:10:04 UTC] PHP Warning:  Constant GE_MODULE already defined in C:\laragon\www\wordpress\wp-content\plugins\GestionMasters\GestionMasters.php on line 11
[11-Sep-2025 16:10:04 UTC] PHP Warning:  Constant GE_MODULE already defined in C:\laragon\www\wordpress\wp-content\plugins\GestionMasters\GestionMasters.php on line 11
[11-Sep-2025 17:10:05 Africa/Tunis] PHP Warning:  Undefined variable $email in C:\laragon\www\wordpress\wp-content\plugins\secure-login\includes\login-handler.php on line 4
[11-Sep-2025 17:10:05 Africa/Tunis] PHP Warning:  Undefined variable $email in C:\laragon\www\wordpress\wp-content\plugins\secure-login\includes\login-handler.php on line 4
[11-Sep-2025 17:10:05 Africa/Tunis] PHP Warning:  Undefined variable $email in C:\laragon\www\wordpress\wp-content\plugins\secure-login\includes\login-handler.php on line 4
[11-Sep-2025 17:10:05 Africa/Tunis] PHP Deprecated:  strpos(): Passing null to parameter #1 ($haystack) of type string is deprecated in C:\laragon\www\wordpress\wp-includes\functions.php on line 7360
[11-Sep-2025 17:10:05 Africa/Tunis] PHP Deprecated:  str_replace(): Passing null to parameter #3 ($subject) of type array|string is deprecated in C:\laragon\www\wordpress\wp-includes\functions.php on line 2195
[11-Sep-2025 17:10:05 Africa/Tunis] WordPress database error Duplicate entry '0' for key 'utm_posts.PRIMARY' for query INSERT INTO `utm_posts` (`post_author`, `post_date`, `post_date_gmt`, `post_content`, `post_content_filtered`, `post_title`, `post_excerpt`, `post_status`, `post_type`, `comment_status`, `ping_status`, `post_password`, `post_name`, `to_ping`, `pinged`, `post_modified`, `post_modified_gmt`, `post_parent`, `menu_order`, `post_mime_type`, `guid`) VALUES (1, '2025-09-11 18:10:05', '0000-00-00 00:00:00', '', '', 'Brouillon auto', '', 'auto-draft', 'page', 'closed', 'closed', '', '', '', '', '2025-09-11 18:10:05', '0000-00-00 00:00:00', 0, 0, '', '') made by get_default_post_to_edit, wp_insert_post
[11-Sep-2025 17:10:05 Africa/Tunis] PHP Warning:  Attempt to read property "post_type" on null in C:\laragon\www\wordpress\wp-admin\includes\post.php on line 775
[11-Sep-2025 17:10:05 Africa/Tunis] PHP Fatal error:  Uncaught Error: Attempt to assign property "post_content" on null in C:\laragon\www\wordpress\wp-admin\includes\post.php:814
Stack trace:
#0 C:\laragon\www\wordpress\wp-admin\post-new.php(66): get_default_post_to_edit('page', true)
#1 {main}
  thrown in C:\laragon\www\wordpress\wp-admin\includes\post.php on line 814
[11-Sep-2025 16:10:07 UTC] PHP Warning:  Constant GE_MODULE already defined in C:\laragon\www\wordpress\wp-content\plugins\GestionMasters\GestionMasters.php on line 11
[11-Sep-2025 17:10:08 Africa/Tunis] PHP Warning:  Undefined variable $email in C:\laragon\www\wordpress\wp-content\plugins\secure-login\includes\login-handler.php on line 4
[11-Sep-2025 16:10:08 UTC] PHP Warning:  Constant GE_MODULE already defined in C:\laragon\www\wordpress\wp-content\plugins\GestionMasters\GestionMasters.php on line 11
[11-Sep-2025 17:10:09 Africa/Tunis] PHP Warning:  Undefined variable $email in C:\laragon\www\wordpress\wp-content\plugins\secure-login\includes\login-handler.php on line 4
[11-Sep-2025 17:10:13 Africa/Tunis] PHP Fatal error:  Uncaught RuntimeException: Unable to release actions from claim id 0. in C:\laragon\www\wordpress\wp-content\plugins\ultimate-member\includes\lib\action-scheduler\classes\data-stores\ActionScheduler_DBStore.php:1128
Stack trace:
#0 C:\laragon\www\wordpress\wp-content\plugins\ultimate-member\includes\lib\action-scheduler\classes\ActionScheduler_QueueRunner.php(195): ActionScheduler_DBStore->release_claim(Object(ActionScheduler_ActionClaim))
#1 C:\laragon\www\wordpress\wp-content\plugins\ultimate-member\includes\lib\action-scheduler\classes\ActionScheduler_QueueRunner.php(158): ActionScheduler_QueueRunner->do_batch(25, 'WP Cron')
#2 C:\laragon\www\wordpress\wp-includes\class-wp-hook.php(324): ActionScheduler_QueueRunner->run('WP Cron')
#3 C:\laragon\www\wordpress\wp-includes\class-wp-hook.php(348): WP_Hook->apply_filters('', Array)
#4 C:\laragon\www\wordpress\wp-includes\plugin.php(565): WP_Hook->do_action(Array)
#5 C:\laragon\www\wordpress\wp-cron.php(191): do_action_ref_array('action_schedule...', Array)
#6 {main}
  thrown in C:\laragon\www\wordpress\wp-content\plugins\ultimate-member\includes\lib\action-scheduler\classes\data-stores\ActionScheduler_DBStore.php on line 1128
[11-Sep-2025 17:10:13 Africa/Tunis] PHP Fatal error:  Uncaught RuntimeException: Unable to release actions from claim id 0. in C:\laragon\www\wordpress\wp-content\plugins\ultimate-member\includes\lib\action-scheduler\classes\data-stores\ActionScheduler_DBStore.php:1128
Stack trace:
#0 C:\laragon\www\wordpress\wp-content\plugins\ultimate-member\includes\lib\action-scheduler\classes\ActionScheduler_FatalErrorMonitor.php(95): ActionScheduler_DBStore->release_claim(Object(ActionScheduler_ActionClaim))
#1 C:\laragon\www\wordpress\wp-includes\class-wp-hook.php(324): ActionScheduler_FatalErrorMonitor->handle_unexpected_shutdown('')
#2 C:\laragon\www\wordpress\wp-includes\class-wp-hook.php(348): WP_Hook->apply_filters(NULL, Array)
#3 C:\laragon\www\wordpress\wp-includes\plugin.php(517): WP_Hook->do_action(Array)
#4 C:\laragon\www\wordpress\wp-includes\load.php(1304): do_action('shutdown')
#5 [internal function]: shutdown_action_hook()
#6 {main}
  thrown in C:\laragon\www\wordpress\wp-content\plugins\ultimate-member\includes\lib\action-scheduler\classes\data-stores\ActionScheduler_DBStore.php on line 1128
[11-Sep-2025 17:10:15 Africa/Tunis] PHP Fatal error:  Uncaught RuntimeException: Unable to release actions from claim id 0. in C:\laragon\www\wordpress\wp-content\plugins\ultimate-member\includes\lib\action-scheduler\classes\data-stores\ActionScheduler_DBStore.php:1128
Stack trace:
#0 C:\laragon\www\wordpress\wp-content\plugins\ultimate-member\includes\lib\action-scheduler\classes\ActionScheduler_QueueRunner.php(195): ActionScheduler_DBStore->release_claim(Object(ActionScheduler_ActionClaim))
#1 C:\laragon\www\wordpress\wp-content\plugins\ultimate-member\includes\lib\action-scheduler\classes\ActionScheduler_QueueRunner.php(158): ActionScheduler_QueueRunner->do_batch(25, 'Async Request')
#2 C:\laragon\www\wordpress\wp-includes\class-wp-hook.php(324): ActionScheduler_QueueRunner->run('Async Request')
#3 C:\laragon\www\wordpress\wp-includes\class-wp-hook.php(348): WP_Hook->apply_filters('', Array)
#4 C:\laragon\www\wordpress\wp-includes\plugin.php(517): WP_Hook->do_action(Array)
#5 C:\laragon\www\wordpress\wp-content\plugins\ultimate-member\includes\lib\action-scheduler\classes\ActionScheduler_AsyncRequest_QueueRunner.php(48): do_action('action_schedule...', 'Async Request')
#6 C:\laragon\www\wordpress\wp-content\plugins\ultimate-member\includes\lib\action-scheduler\lib\WP_Async_Request.php(174): ActionScheduler_AsyncRequest_QueueRunner->handle()
#7 C:\laragon\www\wordpress\wp-includes\class-wp-hook.php(324): WP_Async_Request->maybe_handle('')
#8 C:\laragon\www\wordpress\wp-includes\class-wp-hook.php(348): WP_Hook->apply_filters('', Array)
#9 C:\laragon\www\wordpress\wp-includes\plugin.php(517): WP_Hook->do_action(Array)
#10 C:\laragon\www\wordpress\wp-admin\admin-ajax.php(192): do_action('wp_ajax_as_asyn...')
#11 {main}
  thrown in C:\laragon\www\wordpress\wp-content\plugins\ultimate-member\includes\lib\action-scheduler\classes\data-stores\ActionScheduler_DBStore.php on line 1128
[11-Sep-2025 17:10:15 Africa/Tunis] PHP Fatal error:  Uncaught RuntimeException: Unable to release actions from claim id 0. in C:\laragon\www\wordpress\wp-content\plugins\ultimate-member\includes\lib\action-scheduler\classes\data-stores\ActionScheduler_DBStore.php:1128
Stack trace:
#0 C:\laragon\www\wordpress\wp-content\plugins\ultimate-member\includes\lib\action-scheduler\classes\ActionScheduler_FatalErrorMonitor.php(95): ActionScheduler_DBStore->release_claim(Object(ActionScheduler_ActionClaim))
#1 C:\laragon\www\wordpress\wp-includes\class-wp-hook.php(324): ActionScheduler_FatalErrorMonitor->handle_unexpected_shutdown('')
#2 C:\laragon\www\wordpress\wp-includes\class-wp-hook.php(348): WP_Hook->apply_filters(NULL, Array)
#3 C:\laragon\www\wordpress\wp-includes\plugin.php(517): WP_Hook->do_action(Array)
#4 C:\laragon\www\wordpress\wp-includes\load.php(1304): do_action('shutdown')
#5 [internal function]: shutdown_action_hook()
#6 {main}
  thrown in C:\laragon\www\wordpress\wp-content\plugins\ultimate-member\includes\lib\action-scheduler\classes\data-stores\ActionScheduler_DBStore.php on line 1128
[11-Sep-2025 16:10:46 UTC] PHP Warning:  Constant GE_MODULE already defined in C:\laragon\www\wordpress\wp-content\plugins\GestionMasters\GestionMasters.php on line 11
[11-Sep-2025 17:10:47 Africa/Tunis] PHP Warning:  Undefined variable $email in C:\laragon\www\wordpress\wp-content\plugins\secure-login\includes\login-handler.php on line 4
[11-Sep-2025 16:10:47 UTC] PHP Warning:  Constant GE_MODULE already defined in C:\laragon\www\wordpress\wp-content\plugins\GestionMasters\GestionMasters.php on line 11
[11-Sep-2025 17:10:47 Africa/Tunis] PHP Warning:  Undefined variable $email in C:\laragon\www\wordpress\wp-content\plugins\secure-login\includes\login-handler.php on line 4
[11-Sep-2025 16:11:46 UTC] PHP Warning:  Constant GE_MODULE already defined in C:\laragon\www\wordpress\wp-content\plugins\GestionMasters\GestionMasters.php on line 11
[11-Sep-2025 17:11:47 Africa/Tunis] PHP Warning:  Undefined variable $email in C:\laragon\www\wordpress\wp-content\plugins\secure-login\includes\login-handler.php on line 4
[11-Sep-2025 16:11:47 UTC] PHP Warning:  Constant GE_MODULE already defined in C:\laragon\www\wordpress\wp-content\plugins\GestionMasters\GestionMasters.php on line 11
[11-Sep-2025 17:11:47 Africa/Tunis] PHP Warning:  Undefined variable $email in C:\laragon\www\wordpress\wp-content\plugins\secure-login\includes\login-handler.php on line 4
[11-Sep-2025 16:11:48 UTC] PHP Warning:  Constant GE_MODULE already defined in C:\laragon\www\wordpress\wp-content\plugins\GestionMasters\GestionMasters.php on line 11
[11-Sep-2025 17:11:48 Africa/Tunis] PHP Warning:  Undefined variable $email in C:\laragon\www\wordpress\wp-content\plugins\secure-login\includes\login-handler.php on line 4
[11-Sep-2025 17:11:53 Africa/Tunis] PHP Fatal error:  Uncaught RuntimeException: Unable to release actions from claim id 0. in C:\laragon\www\wordpress\wp-content\plugins\ultimate-member\includes\lib\action-scheduler\classes\data-stores\ActionScheduler_DBStore.php:1128
Stack trace:
#0 C:\laragon\www\wordpress\wp-content\plugins\ultimate-member\includes\lib\action-scheduler\classes\ActionScheduler_QueueRunner.php(195): ActionScheduler_DBStore->release_claim(Object(ActionScheduler_ActionClaim))
#1 C:\laragon\www\wordpress\wp-content\plugins\ultimate-member\includes\lib\action-scheduler\classes\ActionScheduler_QueueRunner.php(158): ActionScheduler_QueueRunner->do_batch(25, 'WP Cron')
#2 C:\laragon\www\wordpress\wp-includes\class-wp-hook.php(324): ActionScheduler_QueueRunner->run('WP Cron')
#3 C:\laragon\www\wordpress\wp-includes\class-wp-hook.php(348): WP_Hook->apply_filters('', Array)
#4 C:\laragon\www\wordpress\wp-includes\plugin.php(565): WP_Hook->do_action(Array)
#5 C:\laragon\www\wordpress\wp-cron.php(191): do_action_ref_array('action_schedule...', Array)
#6 {main}
  thrown in C:\laragon\www\wordpress\wp-content\plugins\ultimate-member\includes\lib\action-scheduler\classes\data-stores\ActionScheduler_DBStore.php on line 1128
[11-Sep-2025 17:11:53 Africa/Tunis] PHP Fatal error:  Uncaught RuntimeException: Unable to release actions from claim id 0. in C:\laragon\www\wordpress\wp-content\plugins\ultimate-member\includes\lib\action-scheduler\classes\data-stores\ActionScheduler_DBStore.php:1128
Stack trace:
#0 C:\laragon\www\wordpress\wp-content\plugins\ultimate-member\includes\lib\action-scheduler\classes\ActionScheduler_FatalErrorMonitor.php(95): ActionScheduler_DBStore->release_claim(Object(ActionScheduler_ActionClaim))
#1 C:\laragon\www\wordpress\wp-includes\class-wp-hook.php(324): ActionScheduler_FatalErrorMonitor->handle_unexpected_shutdown('')
#2 C:\laragon\www\wordpress\wp-includes\class-wp-hook.php(348): WP_Hook->apply_filters(NULL, Array)
#3 C:\laragon\www\wordpress\wp-includes\plugin.php(517): WP_Hook->do_action(Array)
#4 C:\laragon\www\wordpress\wp-includes\load.php(1304): do_action('shutdown')
#5 [internal function]: shutdown_action_hook()
#6 {main}
  thrown in C:\laragon\www\wordpress\wp-content\plugins\ultimate-member\includes\lib\action-scheduler\classes\data-stores\ActionScheduler_DBStore.php on line 1128
[11-Sep-2025 16:13:04 UTC] PHP Warning:  Constant GE_MODULE already defined in C:\laragon\www\wordpress\wp-content\plugins\GestionMasters\GestionMasters.php on line 11
[11-Sep-2025 17:13:04 Africa/Tunis] PHP Warning:  Undefined variable $email in C:\laragon\www\wordpress\wp-content\plugins\secure-login\includes\login-handler.php on line 4
[11-Sep-2025 16:13:04 UTC] PHP Warning:  Constant GE_MODULE already defined in C:\laragon\www\wordpress\wp-content\plugins\GestionMasters\GestionMasters.php on line 11
[11-Sep-2025 17:13:04 Africa/Tunis] PHP Warning:  Undefined variable $email in C:\laragon\www\wordpress\wp-content\plugins\secure-login\includes\login-handler.php on line 4
[11-Sep-2025 16:13:05 UTC] PHP Warning:  Constant GE_MODULE already defined in C:\laragon\www\wordpress\wp-content\plugins\GestionMasters\GestionMasters.php on line 11
[11-Sep-2025 17:13:05 Africa/Tunis] PHP Warning:  Undefined variable $email in C:\laragon\www\wordpress\wp-content\plugins\secure-login\includes\login-handler.php on line 4
[11-Sep-2025 17:13:09 Africa/Tunis] PHP Fatal error:  Uncaught RuntimeException: Unable to release actions from claim id 0. in C:\laragon\www\wordpress\wp-content\plugins\ultimate-member\includes\lib\action-scheduler\classes\data-stores\ActionScheduler_DBStore.php:1128
Stack trace:
#0 C:\laragon\www\wordpress\wp-content\plugins\ultimate-member\includes\lib\action-scheduler\classes\ActionScheduler_QueueRunner.php(195): ActionScheduler_DBStore->release_claim(Object(ActionScheduler_ActionClaim))
#1 C:\laragon\www\wordpress\wp-content\plugins\ultimate-member\includes\lib\action-scheduler\classes\ActionScheduler_QueueRunner.php(158): ActionScheduler_QueueRunner->do_batch(25, 'WP Cron')
#2 C:\laragon\www\wordpress\wp-includes\class-wp-hook.php(324): ActionScheduler_QueueRunner->run('WP Cron')
#3 C:\laragon\www\wordpress\wp-includes\class-wp-hook.php(348): WP_Hook->apply_filters('', Array)
#4 C:\laragon\www\wordpress\wp-includes\plugin.php(565): WP_Hook->do_action(Array)
#5 C:\laragon\www\wordpress\wp-cron.php(191): do_action_ref_array('action_schedule...', Array)
#6 {main}
  thrown in C:\laragon\www\wordpress\wp-content\plugins\ultimate-member\includes\lib\action-scheduler\classes\data-stores\ActionScheduler_DBStore.php on line 1128
[11-Sep-2025 17:13:09 Africa/Tunis] PHP Fatal error:  Uncaught RuntimeException: Unable to release actions from claim id 0. in C:\laragon\www\wordpress\wp-content\plugins\ultimate-member\includes\lib\action-scheduler\classes\data-stores\ActionScheduler_DBStore.php:1128
Stack trace:
#0 C:\laragon\www\wordpress\wp-content\plugins\ultimate-member\includes\lib\action-scheduler\classes\ActionScheduler_FatalErrorMonitor.php(95): ActionScheduler_DBStore->release_claim(Object(ActionScheduler_ActionClaim))
#1 C:\laragon\www\wordpress\wp-includes\class-wp-hook.php(324): ActionScheduler_FatalErrorMonitor->handle_unexpected_shutdown('')
#2 C:\laragon\www\wordpress\wp-includes\class-wp-hook.php(348): WP_Hook->apply_filters(NULL, Array)
#3 C:\laragon\www\wordpress\wp-includes\plugin.php(517): WP_Hook->do_action(Array)
#4 C:\laragon\www\wordpress\wp-includes\load.php(1304): do_action('shutdown')
#5 [internal function]: shutdown_action_hook()
#6 {main}
  thrown in C:\laragon\www\wordpress\wp-content\plugins\ultimate-member\includes\lib\action-scheduler\classes\data-stores\ActionScheduler_DBStore.php on line 1128
[11-Sep-2025 16:14:04 UTC] PHP Warning:  Constant GE_MODULE already defined in C:\laragon\www\wordpress\wp-content\plugins\GestionMasters\GestionMasters.php on line 11
[11-Sep-2025 17:14:04 Africa/Tunis] PHP Warning:  Undefined variable $email in C:\laragon\www\wordpress\wp-content\plugins\secure-login\includes\login-handler.php on line 4
[11-Sep-2025 16:14:04 UTC] PHP Warning:  Constant GE_MODULE already defined in C:\laragon\www\wordpress\wp-content\plugins\GestionMasters\GestionMasters.php on line 11
[11-Sep-2025 17:14:04 Africa/Tunis] PHP Warning:  Undefined variable $email in C:\laragon\www\wordpress\wp-content\plugins\secure-login\includes\login-handler.php on line 4
[11-Sep-2025 16:14:04 UTC] PHP Warning:  Constant GE_MODULE already defined in C:\laragon\www\wordpress\wp-content\plugins\GestionMasters\GestionMasters.php on line 11
[11-Sep-2025 17:14:04 Africa/Tunis] PHP Warning:  Undefined variable $email in C:\laragon\www\wordpress\wp-content\plugins\secure-login\includes\login-handler.php on line 4
[11-Sep-2025 17:14:09 Africa/Tunis] PHP Fatal error:  Uncaught RuntimeException: Unable to release actions from claim id 0. in C:\laragon\www\wordpress\wp-content\plugins\ultimate-member\includes\lib\action-scheduler\classes\data-stores\ActionScheduler_DBStore.php:1128
Stack trace:
#0 C:\laragon\www\wordpress\wp-content\plugins\ultimate-member\includes\lib\action-scheduler\classes\ActionScheduler_QueueRunner.php(195): ActionScheduler_DBStore->release_claim(Object(ActionScheduler_ActionClaim))
#1 C:\laragon\www\wordpress\wp-content\plugins\ultimate-member\includes\lib\action-scheduler\classes\ActionScheduler_QueueRunner.php(158): ActionScheduler_QueueRunner->do_batch(25, 'WP Cron')
#2 C:\laragon\www\wordpress\wp-includes\class-wp-hook.php(324): ActionScheduler_QueueRunner->run('WP Cron')
#3 C:\laragon\www\wordpress\wp-includes\class-wp-hook.php(348): WP_Hook->apply_filters('', Array)
#4 C:\laragon\www\wordpress\wp-includes\plugin.php(565): WP_Hook->do_action(Array)
#5 C:\laragon\www\wordpress\wp-cron.php(191): do_action_ref_array('action_schedule...', Array)
#6 {main}
  thrown in C:\laragon\www\wordpress\wp-content\plugins\ultimate-member\includes\lib\action-scheduler\classes\data-stores\ActionScheduler_DBStore.php on line 1128
[11-Sep-2025 17:14:09 Africa/Tunis] PHP Fatal error:  Uncaught RuntimeException: Unable to release actions from claim id 0. in C:\laragon\www\wordpress\wp-content\plugins\ultimate-member\includes\lib\action-scheduler\classes\data-stores\ActionScheduler_DBStore.php:1128
Stack trace:
#0 C:\laragon\www\wordpress\wp-content\plugins\ultimate-member\includes\lib\action-scheduler\classes\ActionScheduler_FatalErrorMonitor.php(95): ActionScheduler_DBStore->release_claim(Object(ActionScheduler_ActionClaim))
#1 C:\laragon\www\wordpress\wp-includes\class-wp-hook.php(324): ActionScheduler_FatalErrorMonitor->handle_unexpected_shutdown('')
#2 C:\laragon\www\wordpress\wp-includes\class-wp-hook.php(348): WP_Hook->apply_filters(NULL, Array)
#3 C:\laragon\www\wordpress\wp-includes\plugin.php(517): WP_Hook->do_action(Array)
#4 C:\laragon\www\wordpress\wp-includes\load.php(1304): do_action('shutdown')
#5 [internal function]: shutdown_action_hook()
#6 {main}
  thrown in C:\laragon\www\wordpress\wp-content\plugins\ultimate-member\includes\lib\action-scheduler\classes\data-stores\ActionScheduler_DBStore.php on line 1128
[11-Sep-2025 16:15:03 UTC] PHP Warning:  Constant GE_MODULE already defined in C:\laragon\www\wordpress\wp-content\plugins\GestionMasters\GestionMasters.php on line 11
[11-Sep-2025 17:15:04 Africa/Tunis] PHP Warning:  Undefined variable $email in C:\laragon\www\wordpress\wp-content\plugins\secure-login\includes\login-handler.php on line 4
[11-Sep-2025 16:15:04 UTC] PHP Warning:  Constant GE_MODULE already defined in C:\laragon\www\wordpress\wp-content\plugins\GestionMasters\GestionMasters.php on line 11
[11-Sep-2025 17:15:04 Africa/Tunis] PHP Warning:  Undefined variable $email in C:\laragon\www\wordpress\wp-content\plugins\secure-login\includes\login-handler.php on line 4
[11-Sep-2025 16:16:04 UTC] PHP Warning:  Constant GE_MODULE already defined in C:\laragon\www\wordpress\wp-content\plugins\GestionMasters\GestionMasters.php on line 11
[11-Sep-2025 17:16:04 Africa/Tunis] PHP Warning:  Undefined variable $email in C:\laragon\www\wordpress\wp-content\plugins\secure-login\includes\login-handler.php on line 4
[11-Sep-2025 16:16:04 UTC] PHP Warning:  Constant GE_MODULE already defined in C:\laragon\www\wordpress\wp-content\plugins\GestionMasters\GestionMasters.php on line 11
[11-Sep-2025 17:16:04 Africa/Tunis] PHP Warning:  Undefined variable $email in C:\laragon\www\wordpress\wp-content\plugins\secure-login\includes\login-handler.php on line 4
[11-Sep-2025 16:16:05 UTC] PHP Warning:  Constant GE_MODULE already defined in C:\laragon\www\wordpress\wp-content\plugins\GestionMasters\GestionMasters.php on line 11
[11-Sep-2025 17:16:05 Africa/Tunis] PHP Warning:  Undefined variable $email in C:\laragon\www\wordpress\wp-content\plugins\secure-login\includes\login-handler.php on line 4
[11-Sep-2025 17:16:10 Africa/Tunis] PHP Fatal error:  Uncaught RuntimeException: Unable to release actions from claim id 0. in C:\laragon\www\wordpress\wp-content\plugins\ultimate-member\includes\lib\action-scheduler\classes\data-stores\ActionScheduler_DBStore.php:1128
Stack trace:
#0 C:\laragon\www\wordpress\wp-content\plugins\ultimate-member\includes\lib\action-scheduler\classes\ActionScheduler_QueueRunner.php(195): ActionScheduler_DBStore->release_claim(Object(ActionScheduler_ActionClaim))
#1 C:\laragon\www\wordpress\wp-content\plugins\ultimate-member\includes\lib\action-scheduler\classes\ActionScheduler_QueueRunner.php(158): ActionScheduler_QueueRunner->do_batch(25, 'WP Cron')
#2 C:\laragon\www\wordpress\wp-includes\class-wp-hook.php(324): ActionScheduler_QueueRunner->run('WP Cron')
#3 C:\laragon\www\wordpress\wp-includes\class-wp-hook.php(348): WP_Hook->apply_filters('', Array)
#4 C:\laragon\www\wordpress\wp-includes\plugin.php(565): WP_Hook->do_action(Array)
#5 C:\laragon\www\wordpress\wp-cron.php(191): do_action_ref_array('action_schedule...', Array)
#6 {main}
  thrown in C:\laragon\www\wordpress\wp-content\plugins\ultimate-member\includes\lib\action-scheduler\classes\data-stores\ActionScheduler_DBStore.php on line 1128
[11-Sep-2025 17:16:10 Africa/Tunis] PHP Fatal error:  Uncaught RuntimeException: Unable to release actions from claim id 0. in C:\laragon\www\wordpress\wp-content\plugins\ultimate-member\includes\lib\action-scheduler\classes\data-stores\ActionScheduler_DBStore.php:1128
Stack trace:
#0 C:\laragon\www\wordpress\wp-content\plugins\ultimate-member\includes\lib\action-scheduler\classes\ActionScheduler_FatalErrorMonitor.php(95): ActionScheduler_DBStore->release_claim(Object(ActionScheduler_ActionClaim))
#1 C:\laragon\www\wordpress\wp-includes\class-wp-hook.php(324): ActionScheduler_FatalErrorMonitor->handle_unexpected_shutdown('')
#2 C:\laragon\www\wordpress\wp-includes\class-wp-hook.php(348): WP_Hook->apply_filters(NULL, Array)
#3 C:\laragon\www\wordpress\wp-includes\plugin.php(517): WP_Hook->do_action(Array)
#4 C:\laragon\www\wordpress\wp-includes\load.php(1304): do_action('shutdown')
#5 [internal function]: shutdown_action_hook()
#6 {main}
  thrown in C:\laragon\www\wordpress\wp-content\plugins\ultimate-member\includes\lib\action-scheduler\classes\data-stores\ActionScheduler_DBStore.php on line 1128
[11-Sep-2025 16:17:03 UTC] PHP Warning:  Constant GE_MODULE already defined in C:\laragon\www\wordpress\wp-content\plugins\GestionMasters\GestionMasters.php on line 11
[11-Sep-2025 17:17:04 Africa/Tunis] PHP Warning:  Undefined variable $email in C:\laragon\www\wordpress\wp-content\plugins\secure-login\includes\login-handler.php on line 4
[11-Sep-2025 16:17:04 UTC] PHP Warning:  Constant GE_MODULE already defined in C:\laragon\www\wordpress\wp-content\plugins\GestionMasters\GestionMasters.php on line 11
[11-Sep-2025 17:17:04 Africa/Tunis] PHP Warning:  Undefined variable $email in C:\laragon\www\wordpress\wp-content\plugins\secure-login\includes\login-handler.php on line 4
[11-Sep-2025 16:17:04 UTC] PHP Warning:  Constant GE_MODULE already defined in C:\laragon\www\wordpress\wp-content\plugins\GestionMasters\GestionMasters.php on line 11
[11-Sep-2025 17:17:04 Africa/Tunis] PHP Warning:  Undefined variable $email in C:\laragon\www\wordpress\wp-content\plugins\secure-login\includes\login-handler.php on line 4
[11-Sep-2025 17:17:09 Africa/Tunis] PHP Fatal error:  Uncaught RuntimeException: Unable to release actions from claim id 0. in C:\laragon\www\wordpress\wp-content\plugins\ultimate-member\includes\lib\action-scheduler\classes\data-stores\ActionScheduler_DBStore.php:1128
Stack trace:
#0 C:\laragon\www\wordpress\wp-content\plugins\ultimate-member\includes\lib\action-scheduler\classes\ActionScheduler_QueueRunner.php(195): ActionScheduler_DBStore->release_claim(Object(ActionScheduler_ActionClaim))
#1 C:\laragon\www\wordpress\wp-content\plugins\ultimate-member\includes\lib\action-scheduler\classes\ActionScheduler_QueueRunner.php(158): ActionScheduler_QueueRunner->do_batch(25, 'WP Cron')
#2 C:\laragon\www\wordpress\wp-includes\class-wp-hook.php(324): ActionScheduler_QueueRunner->run('WP Cron')
#3 C:\laragon\www\wordpress\wp-includes\class-wp-hook.php(348): WP_Hook->apply_filters('', Array)
#4 C:\laragon\www\wordpress\wp-includes\plugin.php(565): WP_Hook->do_action(Array)
#5 C:\laragon\www\wordpress\wp-cron.php(191): do_action_ref_array('action_schedule...', Array)
#6 {main}
  thrown in C:\laragon\www\wordpress\wp-content\plugins\ultimate-member\includes\lib\action-scheduler\classes\data-stores\ActionScheduler_DBStore.php on line 1128
[11-Sep-2025 17:17:09 Africa/Tunis] PHP Fatal error:  Uncaught RuntimeException: Unable to release actions from claim id 0. in C:\laragon\www\wordpress\wp-content\plugins\ultimate-member\includes\lib\action-scheduler\classes\data-stores\ActionScheduler_DBStore.php:1128
Stack trace:
#0 C:\laragon\www\wordpress\wp-content\plugins\ultimate-member\includes\lib\action-scheduler\classes\ActionScheduler_FatalErrorMonitor.php(95): ActionScheduler_DBStore->release_claim(Object(ActionScheduler_ActionClaim))
#1 C:\laragon\www\wordpress\wp-includes\class-wp-hook.php(324): ActionScheduler_FatalErrorMonitor->handle_unexpected_shutdown('')
#2 C:\laragon\www\wordpress\wp-includes\class-wp-hook.php(348): WP_Hook->apply_filters(NULL, Array)
#3 C:\laragon\www\wordpress\wp-includes\plugin.php(517): WP_Hook->do_action(Array)
#4 C:\laragon\www\wordpress\wp-includes\load.php(1304): do_action('shutdown')
#5 [internal function]: shutdown_action_hook()
#6 {main}
  thrown in C:\laragon\www\wordpress\wp-content\plugins\ultimate-member\includes\lib\action-scheduler\classes\data-stores\ActionScheduler_DBStore.php on line 1128
[11-Sep-2025 16:18:03 UTC] PHP Warning:  Constant GE_MODULE already defined in C:\laragon\www\wordpress\wp-content\plugins\GestionMasters\GestionMasters.php on line 11
[11-Sep-2025 17:18:04 Africa/Tunis] PHP Warning:  Undefined variable $email in C:\laragon\www\wordpress\wp-content\plugins\secure-login\includes\login-handler.php on line 4
[11-Sep-2025 16:18:04 UTC] PHP Warning:  Constant GE_MODULE already defined in C:\laragon\www\wordpress\wp-content\plugins\GestionMasters\GestionMasters.php on line 11
[11-Sep-2025 17:18:04 Africa/Tunis] PHP Warning:  Undefined variable $email in C:\laragon\www\wordpress\wp-content\plugins\secure-login\includes\login-handler.php on line 4
[11-Sep-2025 16:19:04 UTC] PHP Warning:  Constant GE_MODULE already defined in C:\laragon\www\wordpress\wp-content\plugins\GestionMasters\GestionMasters.php on line 11
[11-Sep-2025 17:19:04 Africa/Tunis] PHP Warning:  Undefined variable $email in C:\laragon\www\wordpress\wp-content\plugins\secure-login\includes\login-handler.php on line 4
[11-Sep-2025 16:19:04 UTC] PHP Warning:  Constant GE_MODULE already defined in C:\laragon\www\wordpress\wp-content\plugins\GestionMasters\GestionMasters.php on line 11
[11-Sep-2025 17:19:04 Africa/Tunis] PHP Warning:  Undefined variable $email in C:\laragon\www\wordpress\wp-content\plugins\secure-login\includes\login-handler.php on line 4
[11-Sep-2025 16:19:05 UTC] PHP Warning:  Constant GE_MODULE already defined in C:\laragon\www\wordpress\wp-content\plugins\GestionMasters\GestionMasters.php on line 11
[11-Sep-2025 17:19:05 Africa/Tunis] PHP Warning:  Undefined variable $email in C:\laragon\www\wordpress\wp-content\plugins\secure-login\includes\login-handler.php on line 4
[11-Sep-2025 17:19:09 Africa/Tunis] PHP Fatal error:  Uncaught RuntimeException: Unable to release actions from claim id 0. in C:\laragon\www\wordpress\wp-content\plugins\ultimate-member\includes\lib\action-scheduler\classes\data-stores\ActionScheduler_DBStore.php:1128
Stack trace:
#0 C:\laragon\www\wordpress\wp-content\plugins\ultimate-member\includes\lib\action-scheduler\classes\ActionScheduler_QueueRunner.php(195): ActionScheduler_DBStore->release_claim(Object(ActionScheduler_ActionClaim))
#1 C:\laragon\www\wordpress\wp-content\plugins\ultimate-member\includes\lib\action-scheduler\classes\ActionScheduler_QueueRunner.php(158): ActionScheduler_QueueRunner->do_batch(25, 'WP Cron')
#2 C:\laragon\www\wordpress\wp-includes\class-wp-hook.php(324): ActionScheduler_QueueRunner->run('WP Cron')
#3 C:\laragon\www\wordpress\wp-includes\class-wp-hook.php(348): WP_Hook->apply_filters('', Array)
#4 C:\laragon\www\wordpress\wp-includes\plugin.php(565): WP_Hook->do_action(Array)
#5 C:\laragon\www\wordpress\wp-cron.php(191): do_action_ref_array('action_schedule...', Array)
#6 {main}
  thrown in C:\laragon\www\wordpress\wp-content\plugins\ultimate-member\includes\lib\action-scheduler\classes\data-stores\ActionScheduler_DBStore.php on line 1128
[11-Sep-2025 17:19:09 Africa/Tunis] PHP Fatal error:  Uncaught RuntimeException: Unable to release actions from claim id 0. in C:\laragon\www\wordpress\wp-content\plugins\ultimate-member\includes\lib\action-scheduler\classes\data-stores\ActionScheduler_DBStore.php:1128
Stack trace:
#0 C:\laragon\www\wordpress\wp-content\plugins\ultimate-member\includes\lib\action-scheduler\classes\ActionScheduler_FatalErrorMonitor.php(95): ActionScheduler_DBStore->release_claim(Object(ActionScheduler_ActionClaim))
#1 C:\laragon\www\wordpress\wp-includes\class-wp-hook.php(324): ActionScheduler_FatalErrorMonitor->handle_unexpected_shutdown('')
#2 C:\laragon\www\wordpress\wp-includes\class-wp-hook.php(348): WP_Hook->apply_filters(NULL, Array)
#3 C:\laragon\www\wordpress\wp-includes\plugin.php(517): WP_Hook->do_action(Array)
#4 C:\laragon\www\wordpress\wp-includes\load.php(1304): do_action('shutdown')
#5 [internal function]: shutdown_action_hook()
#6 {main}
  thrown in C:\laragon\www\wordpress\wp-content\plugins\ultimate-member\includes\lib\action-scheduler\classes\data-stores\ActionScheduler_DBStore.php on line 1128
[11-Sep-2025 16:20:03 UTC] PHP Warning:  Constant GE_MODULE already defined in C:\laragon\www\wordpress\wp-content\plugins\GestionMasters\GestionMasters.php on line 11
[11-Sep-2025 17:20:04 Africa/Tunis] PHP Warning:  Undefined variable $email in C:\laragon\www\wordpress\wp-content\plugins\secure-login\includes\login-handler.php on line 4
[11-Sep-2025 16:20:04 UTC] PHP Warning:  Constant GE_MODULE already defined in C:\laragon\www\wordpress\wp-content\plugins\GestionMasters\GestionMasters.php on line 11
[11-Sep-2025 17:20:04 Africa/Tunis] PHP Warning:  Undefined variable $email in C:\laragon\www\wordpress\wp-content\plugins\secure-login\includes\login-handler.php on line 4
[11-Sep-2025 16:20:04 UTC] PHP Warning:  Constant GE_MODULE already defined in C:\laragon\www\wordpress\wp-content\plugins\GestionMasters\GestionMasters.php on line 11
[11-Sep-2025 17:20:04 Africa/Tunis] PHP Warning:  Undefined variable $email in C:\laragon\www\wordpress\wp-content\plugins\secure-login\includes\login-handler.php on line 4
[11-Sep-2025 17:20:09 Africa/Tunis] PHP Fatal error:  Uncaught RuntimeException: Unable to release actions from claim id 0. in C:\laragon\www\wordpress\wp-content\plugins\ultimate-member\includes\lib\action-scheduler\classes\data-stores\ActionScheduler_DBStore.php:1128
Stack trace:
#0 C:\laragon\www\wordpress\wp-content\plugins\ultimate-member\includes\lib\action-scheduler\classes\ActionScheduler_QueueRunner.php(195): ActionScheduler_DBStore->release_claim(Object(ActionScheduler_ActionClaim))
#1 C:\laragon\www\wordpress\wp-content\plugins\ultimate-member\includes\lib\action-scheduler\classes\ActionScheduler_QueueRunner.php(158): ActionScheduler_QueueRunner->do_batch(25, 'WP Cron')
#2 C:\laragon\www\wordpress\wp-includes\class-wp-hook.php(324): ActionScheduler_QueueRunner->run('WP Cron')
#3 C:\laragon\www\wordpress\wp-includes\class-wp-hook.php(348): WP_Hook->apply_filters('', Array)
#4 C:\laragon\www\wordpress\wp-includes\plugin.php(565): WP_Hook->do_action(Array)
#5 C:\laragon\www\wordpress\wp-cron.php(191): do_action_ref_array('action_schedule...', Array)
#6 {main}
  thrown in C:\laragon\www\wordpress\wp-content\plugins\ultimate-member\includes\lib\action-scheduler\classes\data-stores\ActionScheduler_DBStore.php on line 1128
[11-Sep-2025 17:20:09 Africa/Tunis] PHP Fatal error:  Uncaught RuntimeException: Unable to release actions from claim id 0. in C:\laragon\www\wordpress\wp-content\plugins\ultimate-member\includes\lib\action-scheduler\classes\data-stores\ActionScheduler_DBStore.php:1128
Stack trace:
#0 C:\laragon\www\wordpress\wp-content\plugins\ultimate-member\includes\lib\action-scheduler\classes\ActionScheduler_FatalErrorMonitor.php(95): ActionScheduler_DBStore->release_claim(Object(ActionScheduler_ActionClaim))
#1 C:\laragon\www\wordpress\wp-includes\class-wp-hook.php(324): ActionScheduler_FatalErrorMonitor->handle_unexpected_shutdown('')
#2 C:\laragon\www\wordpress\wp-includes\class-wp-hook.php(348): WP_Hook->apply_filters(NULL, Array)
#3 C:\laragon\www\wordpress\wp-includes\plugin.php(517): WP_Hook->do_action(Array)
#4 C:\laragon\www\wordpress\wp-includes\load.php(1304): do_action('shutdown')
#5 [internal function]: shutdown_action_hook()
#6 {main}
  thrown in C:\laragon\www\wordpress\wp-content\plugins\ultimate-member\includes\lib\action-scheduler\classes\data-stores\ActionScheduler_DBStore.php on line 1128
[11-Sep-2025 16:21:04 UTC] PHP Warning:  Constant GE_MODULE already defined in C:\laragon\www\wordpress\wp-content\plugins\GestionMasters\GestionMasters.php on line 11
[11-Sep-2025 17:21:04 Africa/Tunis] PHP Warning:  Undefined variable $email in C:\laragon\www\wordpress\wp-content\plugins\secure-login\includes\login-handler.php on line 4
[11-Sep-2025 16:21:04 UTC] PHP Warning:  Constant GE_MODULE already defined in C:\laragon\www\wordpress\wp-content\plugins\GestionMasters\GestionMasters.php on line 11
[11-Sep-2025 17:21:04 Africa/Tunis] PHP Warning:  Undefined variable $email in C:\laragon\www\wordpress\wp-content\plugins\secure-login\includes\login-handler.php on line 4
[11-Sep-2025 16:21:04 UTC] PHP Warning:  Constant GE_MODULE already defined in C:\laragon\www\wordpress\wp-content\plugins\GestionMasters\GestionMasters.php on line 11
[11-Sep-2025 17:21:04 Africa/Tunis] PHP Warning:  Undefined variable $email in C:\laragon\www\wordpress\wp-content\plugins\secure-login\includes\login-handler.php on line 4
[11-Sep-2025 17:21:10 Africa/Tunis] PHP Fatal error:  Uncaught RuntimeException: Unable to release actions from claim id 0. in C:\laragon\www\wordpress\wp-content\plugins\ultimate-member\includes\lib\action-scheduler\classes\data-stores\ActionScheduler_DBStore.php:1128
Stack trace:
#0 C:\laragon\www\wordpress\wp-content\plugins\ultimate-member\includes\lib\action-scheduler\classes\ActionScheduler_QueueRunner.php(195): ActionScheduler_DBStore->release_claim(Object(ActionScheduler_ActionClaim))
#1 C:\laragon\www\wordpress\wp-content\plugins\ultimate-member\includes\lib\action-scheduler\classes\ActionScheduler_QueueRunner.php(158): ActionScheduler_QueueRunner->do_batch(25, 'WP Cron')
#2 C:\laragon\www\wordpress\wp-includes\class-wp-hook.php(324): ActionScheduler_QueueRunner->run('WP Cron')
#3 C:\laragon\www\wordpress\wp-includes\class-wp-hook.php(348): WP_Hook->apply_filters('', Array)
#4 C:\laragon\www\wordpress\wp-includes\plugin.php(565): WP_Hook->do_action(Array)
#5 C:\laragon\www\wordpress\wp-cron.php(191): do_action_ref_array('action_schedule...', Array)
#6 {main}
  thrown in C:\laragon\www\wordpress\wp-content\plugins\ultimate-member\includes\lib\action-scheduler\classes\data-stores\ActionScheduler_DBStore.php on line 1128
[11-Sep-2025 17:21:10 Africa/Tunis] PHP Fatal error:  Uncaught RuntimeException: Unable to release actions from claim id 0. in C:\laragon\www\wordpress\wp-content\plugins\ultimate-member\includes\lib\action-scheduler\classes\data-stores\ActionScheduler_DBStore.php:1128
Stack trace:
#0 C:\laragon\www\wordpress\wp-content\plugins\ultimate-member\includes\lib\action-scheduler\classes\ActionScheduler_FatalErrorMonitor.php(95): ActionScheduler_DBStore->release_claim(Object(ActionScheduler_ActionClaim))
#1 C:\laragon\www\wordpress\wp-includes\class-wp-hook.php(324): ActionScheduler_FatalErrorMonitor->handle_unexpected_shutdown('')
#2 C:\laragon\www\wordpress\wp-includes\class-wp-hook.php(348): WP_Hook->apply_filters(NULL, Array)
#3 C:\laragon\www\wordpress\wp-includes\plugin.php(517): WP_Hook->do_action(Array)
#4 C:\laragon\www\wordpress\wp-includes\load.php(1304): do_action('shutdown')
#5 [internal function]: shutdown_action_hook()
#6 {main}
  thrown in C:\laragon\www\wordpress\wp-content\plugins\ultimate-member\includes\lib\action-scheduler\classes\data-stores\ActionScheduler_DBStore.php on line 1128
[11-Sep-2025 16:22:04 UTC] PHP Warning:  Constant GE_MODULE already defined in C:\laragon\www\wordpress\wp-content\plugins\GestionMasters\GestionMasters.php on line 11
[11-Sep-2025 17:22:04 Africa/Tunis] PHP Warning:  Undefined variable $email in C:\laragon\www\wordpress\wp-content\plugins\secure-login\includes\login-handler.php on line 4
[11-Sep-2025 16:22:04 UTC] PHP Warning:  Constant GE_MODULE already defined in C:\laragon\www\wordpress\wp-content\plugins\GestionMasters\GestionMasters.php on line 11
[11-Sep-2025 17:22:04 Africa/Tunis] PHP Warning:  Undefined variable $email in C:\laragon\www\wordpress\wp-content\plugins\secure-login\includes\login-handler.php on line 4
[11-Sep-2025 16:22:04 UTC] PHP Warning:  Constant GE_MODULE already defined in C:\laragon\www\wordpress\wp-content\plugins\GestionMasters\GestionMasters.php on line 11
[11-Sep-2025 17:22:04 Africa/Tunis] PHP Warning:  Undefined variable $email in C:\laragon\www\wordpress\wp-content\plugins\secure-login\includes\login-handler.php on line 4
[11-Sep-2025 17:22:09 Africa/Tunis] PHP Fatal error:  Uncaught RuntimeException: Unable to release actions from claim id 0. in C:\laragon\www\wordpress\wp-content\plugins\ultimate-member\includes\lib\action-scheduler\classes\data-stores\ActionScheduler_DBStore.php:1128
Stack trace:
#0 C:\laragon\www\wordpress\wp-content\plugins\ultimate-member\includes\lib\action-scheduler\classes\ActionScheduler_QueueRunner.php(195): ActionScheduler_DBStore->release_claim(Object(ActionScheduler_ActionClaim))
#1 C:\laragon\www\wordpress\wp-content\plugins\ultimate-member\includes\lib\action-scheduler\classes\ActionScheduler_QueueRunner.php(158): ActionScheduler_QueueRunner->do_batch(25, 'WP Cron')
#2 C:\laragon\www\wordpress\wp-includes\class-wp-hook.php(324): ActionScheduler_QueueRunner->run('WP Cron')
#3 C:\laragon\www\wordpress\wp-includes\class-wp-hook.php(348): WP_Hook->apply_filters('', Array)
#4 C:\laragon\www\wordpress\wp-includes\plugin.php(565): WP_Hook->do_action(Array)
#5 C:\laragon\www\wordpress\wp-cron.php(191): do_action_ref_array('action_schedule...', Array)
#6 {main}
  thrown in C:\laragon\www\wordpress\wp-content\plugins\ultimate-member\includes\lib\action-scheduler\classes\data-stores\ActionScheduler_DBStore.php on line 1128
[11-Sep-2025 17:22:09 Africa/Tunis] PHP Fatal error:  Uncaught RuntimeException: Unable to release actions from claim id 0. in C:\laragon\www\wordpress\wp-content\plugins\ultimate-member\includes\lib\action-scheduler\classes\data-stores\ActionScheduler_DBStore.php:1128
Stack trace:
#0 C:\laragon\www\wordpress\wp-content\plugins\ultimate-member\includes\lib\action-scheduler\classes\ActionScheduler_FatalErrorMonitor.php(95): ActionScheduler_DBStore->release_claim(Object(ActionScheduler_ActionClaim))
#1 C:\laragon\www\wordpress\wp-includes\class-wp-hook.php(324): ActionScheduler_FatalErrorMonitor->handle_unexpected_shutdown('')
#2 C:\laragon\www\wordpress\wp-includes\class-wp-hook.php(348): WP_Hook->apply_filters(NULL, Array)
#3 C:\laragon\www\wordpress\wp-includes\plugin.php(517): WP_Hook->do_action(Array)
#4 C:\laragon\www\wordpress\wp-includes\load.php(1304): do_action('shutdown')
#5 [internal function]: shutdown_action_hook()
#6 {main}
  thrown in C:\laragon\www\wordpress\wp-content\plugins\ultimate-member\includes\lib\action-scheduler\classes\data-stores\ActionScheduler_DBStore.php on line 1128
[11-Sep-2025 16:23:04 UTC] PHP Warning:  Constant GE_MODULE already defined in C:\laragon\www\wordpress\wp-content\plugins\GestionMasters\GestionMasters.php on line 11
[11-Sep-2025 17:23:04 Africa/Tunis] PHP Warning:  Undefined variable $email in C:\laragon\www\wordpress\wp-content\plugins\secure-login\includes\login-handler.php on line 4
[11-Sep-2025 16:23:04 UTC] PHP Warning:  Constant GE_MODULE already defined in C:\laragon\www\wordpress\wp-content\plugins\GestionMasters\GestionMasters.php on line 11
[11-Sep-2025 17:23:04 Africa/Tunis] PHP Warning:  Undefined variable $email in C:\laragon\www\wordpress\wp-content\plugins\secure-login\includes\login-handler.php on line 4
[11-Sep-2025 16:24:03 UTC] PHP Warning:  Constant GE_MODULE already defined in C:\laragon\www\wordpress\wp-content\plugins\GestionMasters\GestionMasters.php on line 11
[11-Sep-2025 17:24:04 Africa/Tunis] PHP Warning:  Undefined variable $email in C:\laragon\www\wordpress\wp-content\plugins\secure-login\includes\login-handler.php on line 4
[11-Sep-2025 16:24:04 UTC] PHP Warning:  Constant GE_MODULE already defined in C:\laragon\www\wordpress\wp-content\plugins\GestionMasters\GestionMasters.php on line 11
[11-Sep-2025 17:24:04 Africa/Tunis] PHP Warning:  Undefined variable $email in C:\laragon\www\wordpress\wp-content\plugins\secure-login\includes\login-handler.php on line 4
[11-Sep-2025 16:24:05 UTC] PHP Warning:  Constant GE_MODULE already defined in C:\laragon\www\wordpress\wp-content\plugins\GestionMasters\GestionMasters.php on line 11
[11-Sep-2025 17:24:05 Africa/Tunis] PHP Warning:  Undefined variable $email in C:\laragon\www\wordpress\wp-content\plugins\secure-login\includes\login-handler.php on line 4
[11-Sep-2025 17:24:09 Africa/Tunis] PHP Fatal error:  Uncaught RuntimeException: Unable to release actions from claim id 0. in C:\laragon\www\wordpress\wp-content\plugins\ultimate-member\includes\lib\action-scheduler\classes\data-stores\ActionScheduler_DBStore.php:1128
Stack trace:
#0 C:\laragon\www\wordpress\wp-content\plugins\ultimate-member\includes\lib\action-scheduler\classes\ActionScheduler_QueueRunner.php(195): ActionScheduler_DBStore->release_claim(Object(ActionScheduler_ActionClaim))
#1 C:\laragon\www\wordpress\wp-content\plugins\ultimate-member\includes\lib\action-scheduler\classes\ActionScheduler_QueueRunner.php(158): ActionScheduler_QueueRunner->do_batch(25, 'WP Cron')
#2 C:\laragon\www\wordpress\wp-includes\class-wp-hook.php(324): ActionScheduler_QueueRunner->run('WP Cron')
#3 C:\laragon\www\wordpress\wp-includes\class-wp-hook.php(348): WP_Hook->apply_filters('', Array)
#4 C:\laragon\www\wordpress\wp-includes\plugin.php(565): WP_Hook->do_action(Array)
#5 C:\laragon\www\wordpress\wp-cron.php(191): do_action_ref_array('action_schedule...', Array)
#6 {main}
  thrown in C:\laragon\www\wordpress\wp-content\plugins\ultimate-member\includes\lib\action-scheduler\classes\data-stores\ActionScheduler_DBStore.php on line 1128
[11-Sep-2025 17:24:09 Africa/Tunis] PHP Fatal error:  Uncaught RuntimeException: Unable to release actions from claim id 0. in C:\laragon\www\wordpress\wp-content\plugins\ultimate-member\includes\lib\action-scheduler\classes\data-stores\ActionScheduler_DBStore.php:1128
Stack trace:
#0 C:\laragon\www\wordpress\wp-content\plugins\ultimate-member\includes\lib\action-scheduler\classes\ActionScheduler_FatalErrorMonitor.php(95): ActionScheduler_DBStore->release_claim(Object(ActionScheduler_ActionClaim))
#1 C:\laragon\www\wordpress\wp-includes\class-wp-hook.php(324): ActionScheduler_FatalErrorMonitor->handle_unexpected_shutdown('')
#2 C:\laragon\www\wordpress\wp-includes\class-wp-hook.php(348): WP_Hook->apply_filters(NULL, Array)
#3 C:\laragon\www\wordpress\wp-includes\plugin.php(517): WP_Hook->do_action(Array)
#4 C:\laragon\www\wordpress\wp-includes\load.php(1304): do_action('shutdown')
#5 [internal function]: shutdown_action_hook()
#6 {main}
  thrown in C:\laragon\www\wordpress\wp-content\plugins\ultimate-member\includes\lib\action-scheduler\classes\data-stores\ActionScheduler_DBStore.php on line 1128
[11-Sep-2025 16:25:03 UTC] PHP Warning:  Constant GE_MODULE already defined in C:\laragon\www\wordpress\wp-content\plugins\GestionMasters\GestionMasters.php on line 11
[11-Sep-2025 17:25:04 Africa/Tunis] PHP Warning:  Undefined variable $email in C:\laragon\www\wordpress\wp-content\plugins\secure-login\includes\login-handler.php on line 4
[11-Sep-2025 16:25:04 UTC] PHP Warning:  Constant GE_MODULE already defined in C:\laragon\www\wordpress\wp-content\plugins\GestionMasters\GestionMasters.php on line 11
[11-Sep-2025 17:25:04 Africa/Tunis] PHP Warning:  Undefined variable $email in C:\laragon\www\wordpress\wp-content\plugins\secure-login\includes\login-handler.php on line 4
[11-Sep-2025 16:25:05 UTC] PHP Warning:  Constant GE_MODULE already defined in C:\laragon\www\wordpress\wp-content\plugins\GestionMasters\GestionMasters.php on line 11
[11-Sep-2025 17:25:05 Africa/Tunis] PHP Warning:  Undefined variable $email in C:\laragon\www\wordpress\wp-content\plugins\secure-login\includes\login-handler.php on line 4
[11-Sep-2025 17:25:09 Africa/Tunis] PHP Fatal error:  Uncaught RuntimeException: Unable to release actions from claim id 0. in C:\laragon\www\wordpress\wp-content\plugins\ultimate-member\includes\lib\action-scheduler\classes\data-stores\ActionScheduler_DBStore.php:1128
Stack trace:
#0 C:\laragon\www\wordpress\wp-content\plugins\ultimate-member\includes\lib\action-scheduler\classes\ActionScheduler_QueueRunner.php(195): ActionScheduler_DBStore->release_claim(Object(ActionScheduler_ActionClaim))
#1 C:\laragon\www\wordpress\wp-content\plugins\ultimate-member\includes\lib\action-scheduler\classes\ActionScheduler_QueueRunner.php(158): ActionScheduler_QueueRunner->do_batch(25, 'WP Cron')
#2 C:\laragon\www\wordpress\wp-includes\class-wp-hook.php(324): ActionScheduler_QueueRunner->run('WP Cron')
#3 C:\laragon\www\wordpress\wp-includes\class-wp-hook.php(348): WP_Hook->apply_filters('', Array)
#4 C:\laragon\www\wordpress\wp-includes\plugin.php(565): WP_Hook->do_action(Array)
#5 C:\laragon\www\wordpress\wp-cron.php(191): do_action_ref_array('action_schedule...', Array)
#6 {main}
  thrown in C:\laragon\www\wordpress\wp-content\plugins\ultimate-member\includes\lib\action-scheduler\classes\data-stores\ActionScheduler_DBStore.php on line 1128
[11-Sep-2025 17:25:09 Africa/Tunis] PHP Fatal error:  Uncaught RuntimeException: Unable to release actions from claim id 0. in C:\laragon\www\wordpress\wp-content\plugins\ultimate-member\includes\lib\action-scheduler\classes\data-stores\ActionScheduler_DBStore.php:1128
Stack trace:
#0 C:\laragon\www\wordpress\wp-content\plugins\ultimate-member\includes\lib\action-scheduler\classes\ActionScheduler_FatalErrorMonitor.php(95): ActionScheduler_DBStore->release_claim(Object(ActionScheduler_ActionClaim))
#1 C:\laragon\www\wordpress\wp-includes\class-wp-hook.php(324): ActionScheduler_FatalErrorMonitor->handle_unexpected_shutdown('')
#2 C:\laragon\www\wordpress\wp-includes\class-wp-hook.php(348): WP_Hook->apply_filters(NULL, Array)
#3 C:\laragon\www\wordpress\wp-includes\plugin.php(517): WP_Hook->do_action(Array)
#4 C:\laragon\www\wordpress\wp-includes\load.php(1304): do_action('shutdown')
#5 [internal function]: shutdown_action_hook()
#6 {main}
  thrown in C:\laragon\www\wordpress\wp-content\plugins\ultimate-member\includes\lib\action-scheduler\classes\data-stores\ActionScheduler_DBStore.php on line 1128
[11-Sep-2025 16:26:03 UTC] PHP Warning:  Constant GE_MODULE already defined in C:\laragon\www\wordpress\wp-content\plugins\GestionMasters\GestionMasters.php on line 11
[11-Sep-2025 17:26:04 Africa/Tunis] PHP Warning:  Undefined variable $email in C:\laragon\www\wordpress\wp-content\plugins\secure-login\includes\login-handler.php on line 4
[11-Sep-2025 16:26:04 UTC] PHP Warning:  Constant GE_MODULE already defined in C:\laragon\www\wordpress\wp-content\plugins\GestionMasters\GestionMasters.php on line 11
[11-Sep-2025 17:26:04 Africa/Tunis] PHP Warning:  Undefined variable $email in C:\laragon\www\wordpress\wp-content\plugins\secure-login\includes\login-handler.php on line 4
[11-Sep-2025 16:26:05 UTC] PHP Warning:  Constant GE_MODULE already defined in C:\laragon\www\wordpress\wp-content\plugins\GestionMasters\GestionMasters.php on line 11
[11-Sep-2025 17:26:05 Africa/Tunis] PHP Warning:  Undefined variable $email in C:\laragon\www\wordpress\wp-content\plugins\secure-login\includes\login-handler.php on line 4
[11-Sep-2025 17:26:10 Africa/Tunis] PHP Fatal error:  Uncaught RuntimeException: Unable to release actions from claim id 0. in C:\laragon\www\wordpress\wp-content\plugins\ultimate-member\includes\lib\action-scheduler\classes\data-stores\ActionScheduler_DBStore.php:1128
Stack trace:
#0 C:\laragon\www\wordpress\wp-content\plugins\ultimate-member\includes\lib\action-scheduler\classes\ActionScheduler_QueueRunner.php(195): ActionScheduler_DBStore->release_claim(Object(ActionScheduler_ActionClaim))
#1 C:\laragon\www\wordpress\wp-content\plugins\ultimate-member\includes\lib\action-scheduler\classes\ActionScheduler_QueueRunner.php(158): ActionScheduler_QueueRunner->do_batch(25, 'WP Cron')
#2 C:\laragon\www\wordpress\wp-includes\class-wp-hook.php(324): ActionScheduler_QueueRunner->run('WP Cron')
#3 C:\laragon\www\wordpress\wp-includes\class-wp-hook.php(348): WP_Hook->apply_filters('', Array)
#4 C:\laragon\www\wordpress\wp-includes\plugin.php(565): WP_Hook->do_action(Array)
#5 C:\laragon\www\wordpress\wp-cron.php(191): do_action_ref_array('action_schedule...', Array)
#6 {main}
  thrown in C:\laragon\www\wordpress\wp-content\plugins\ultimate-member\includes\lib\action-scheduler\classes\data-stores\ActionScheduler_DBStore.php on line 1128
[11-Sep-2025 17:26:10 Africa/Tunis] PHP Fatal error:  Uncaught RuntimeException: Unable to release actions from claim id 0. in C:\laragon\www\wordpress\wp-content\plugins\ultimate-member\includes\lib\action-scheduler\classes\data-stores\ActionScheduler_DBStore.php:1128
Stack trace:
#0 C:\laragon\www\wordpress\wp-content\plugins\ultimate-member\includes\lib\action-scheduler\classes\ActionScheduler_FatalErrorMonitor.php(95): ActionScheduler_DBStore->release_claim(Object(ActionScheduler_ActionClaim))
#1 C:\laragon\www\wordpress\wp-includes\class-wp-hook.php(324): ActionScheduler_FatalErrorMonitor->handle_unexpected_shutdown('')
#2 C:\laragon\www\wordpress\wp-includes\class-wp-hook.php(348): WP_Hook->apply_filters(NULL, Array)
#3 C:\laragon\www\wordpress\wp-includes\plugin.php(517): WP_Hook->do_action(Array)
#4 C:\laragon\www\wordpress\wp-includes\load.php(1304): do_action('shutdown')
#5 [internal function]: shutdown_action_hook()
#6 {main}
  thrown in C:\laragon\www\wordpress\wp-content\plugins\ultimate-member\includes\lib\action-scheduler\classes\data-stores\ActionScheduler_DBStore.php on line 1128
[11-Sep-2025 16:27:04 UTC] PHP Warning:  Constant GE_MODULE already defined in C:\laragon\www\wordpress\wp-content\plugins\GestionMasters\GestionMasters.php on line 11
[11-Sep-2025 17:27:04 Africa/Tunis] PHP Warning:  Undefined variable $email in C:\laragon\www\wordpress\wp-content\plugins\secure-login\includes\login-handler.php on line 4
[11-Sep-2025 16:27:04 UTC] PHP Warning:  Constant GE_MODULE already defined in C:\laragon\www\wordpress\wp-content\plugins\GestionMasters\GestionMasters.php on line 11
[11-Sep-2025 17:27:04 Africa/Tunis] PHP Warning:  Undefined variable $email in C:\laragon\www\wordpress\wp-content\plugins\secure-login\includes\login-handler.php on line 4
[11-Sep-2025 16:27:05 UTC] PHP Warning:  Constant GE_MODULE already defined in C:\laragon\www\wordpress\wp-content\plugins\GestionMasters\GestionMasters.php on line 11
[11-Sep-2025 17:27:05 Africa/Tunis] PHP Warning:  Undefined variable $email in C:\laragon\www\wordpress\wp-content\plugins\secure-login\includes\login-handler.php on line 4
[11-Sep-2025 17:27:09 Africa/Tunis] PHP Fatal error:  Uncaught RuntimeException: Unable to release actions from claim id 0. in C:\laragon\www\wordpress\wp-content\plugins\ultimate-member\includes\lib\action-scheduler\classes\data-stores\ActionScheduler_DBStore.php:1128
Stack trace:
#0 C:\laragon\www\wordpress\wp-content\plugins\ultimate-member\includes\lib\action-scheduler\classes\ActionScheduler_QueueRunner.php(195): ActionScheduler_DBStore->release_claim(Object(ActionScheduler_ActionClaim))
#1 C:\laragon\www\wordpress\wp-content\plugins\ultimate-member\includes\lib\action-scheduler\classes\ActionScheduler_QueueRunner.php(158): ActionScheduler_QueueRunner->do_batch(25, 'WP Cron')
#2 C:\laragon\www\wordpress\wp-includes\class-wp-hook.php(324): ActionScheduler_QueueRunner->run('WP Cron')
#3 C:\laragon\www\wordpress\wp-includes\class-wp-hook.php(348): WP_Hook->apply_filters('', Array)
#4 C:\laragon\www\wordpress\wp-includes\plugin.php(565): WP_Hook->do_action(Array)
#5 C:\laragon\www\wordpress\wp-cron.php(191): do_action_ref_array('action_schedule...', Array)
#6 {main}
  thrown in C:\laragon\www\wordpress\wp-content\plugins\ultimate-member\includes\lib\action-scheduler\classes\data-stores\ActionScheduler_DBStore.php on line 1128
[11-Sep-2025 17:27:09 Africa/Tunis] PHP Fatal error:  Uncaught RuntimeException: Unable to release actions from claim id 0. in C:\laragon\www\wordpress\wp-content\plugins\ultimate-member\includes\lib\action-scheduler\classes\data-stores\ActionScheduler_DBStore.php:1128
Stack trace:
#0 C:\laragon\www\wordpress\wp-content\plugins\ultimate-member\includes\lib\action-scheduler\classes\ActionScheduler_FatalErrorMonitor.php(95): ActionScheduler_DBStore->release_claim(Object(ActionScheduler_ActionClaim))
#1 C:\laragon\www\wordpress\wp-includes\class-wp-hook.php(324): ActionScheduler_FatalErrorMonitor->handle_unexpected_shutdown('')
#2 C:\laragon\www\wordpress\wp-includes\class-wp-hook.php(348): WP_Hook->apply_filters(NULL, Array)
#3 C:\laragon\www\wordpress\wp-includes\plugin.php(517): WP_Hook->do_action(Array)
#4 C:\laragon\www\wordpress\wp-includes\load.php(1304): do_action('shutdown')
#5 [internal function]: shutdown_action_hook()
#6 {main}
  thrown in C:\laragon\www\wordpress\wp-content\plugins\ultimate-member\includes\lib\action-scheduler\classes\data-stores\ActionScheduler_DBStore.php on line 1128
[11-Sep-2025 16:28:03 UTC] PHP Warning:  Constant GE_MODULE already defined in C:\laragon\www\wordpress\wp-content\plugins\GestionMasters\GestionMasters.php on line 11
[11-Sep-2025 17:28:04 Africa/Tunis] PHP Warning:  Undefined variable $email in C:\laragon\www\wordpress\wp-content\plugins\secure-login\includes\login-handler.php on line 4
[11-Sep-2025 16:28:04 UTC] PHP Warning:  Constant GE_MODULE already defined in C:\laragon\www\wordpress\wp-content\plugins\GestionMasters\GestionMasters.php on line 11
[11-Sep-2025 17:28:04 Africa/Tunis] PHP Warning:  Undefined variable $email in C:\laragon\www\wordpress\wp-content\plugins\secure-login\includes\login-handler.php on line 4
[11-Sep-2025 16:28:04 UTC] PHP Warning:  Constant GE_MODULE already defined in C:\laragon\www\wordpress\wp-content\plugins\GestionMasters\GestionMasters.php on line 11
[11-Sep-2025 17:28:04 Africa/Tunis] PHP Warning:  Undefined variable $email in C:\laragon\www\wordpress\wp-content\plugins\secure-login\includes\login-handler.php on line 4
[11-Sep-2025 17:28:09 Africa/Tunis] PHP Fatal error:  Uncaught RuntimeException: Unable to release actions from claim id 0. in C:\laragon\www\wordpress\wp-content\plugins\ultimate-member\includes\lib\action-scheduler\classes\data-stores\ActionScheduler_DBStore.php:1128
Stack trace:
#0 C:\laragon\www\wordpress\wp-content\plugins\ultimate-member\includes\lib\action-scheduler\classes\ActionScheduler_QueueRunner.php(195): ActionScheduler_DBStore->release_claim(Object(ActionScheduler_ActionClaim))
#1 C:\laragon\www\wordpress\wp-content\plugins\ultimate-member\includes\lib\action-scheduler\classes\ActionScheduler_QueueRunner.php(158): ActionScheduler_QueueRunner->do_batch(25, 'WP Cron')
#2 C:\laragon\www\wordpress\wp-includes\class-wp-hook.php(324): ActionScheduler_QueueRunner->run('WP Cron')
#3 C:\laragon\www\wordpress\wp-includes\class-wp-hook.php(348): WP_Hook->apply_filters('', Array)
#4 C:\laragon\www\wordpress\wp-includes\plugin.php(565): WP_Hook->do_action(Array)
#5 C:\laragon\www\wordpress\wp-cron.php(191): do_action_ref_array('action_schedule...', Array)
#6 {main}
  thrown in C:\laragon\www\wordpress\wp-content\plugins\ultimate-member\includes\lib\action-scheduler\classes\data-stores\ActionScheduler_DBStore.php on line 1128
[11-Sep-2025 17:28:09 Africa/Tunis] PHP Fatal error:  Uncaught RuntimeException: Unable to release actions from claim id 0. in C:\laragon\www\wordpress\wp-content\plugins\ultimate-member\includes\lib\action-scheduler\classes\data-stores\ActionScheduler_DBStore.php:1128
Stack trace:
#0 C:\laragon\www\wordpress\wp-content\plugins\ultimate-member\includes\lib\action-scheduler\classes\ActionScheduler_FatalErrorMonitor.php(95): ActionScheduler_DBStore->release_claim(Object(ActionScheduler_ActionClaim))
#1 C:\laragon\www\wordpress\wp-includes\class-wp-hook.php(324): ActionScheduler_FatalErrorMonitor->handle_unexpected_shutdown('')
#2 C:\laragon\www\wordpress\wp-includes\class-wp-hook.php(348): WP_Hook->apply_filters(NULL, Array)
#3 C:\laragon\www\wordpress\wp-includes\plugin.php(517): WP_Hook->do_action(Array)
#4 C:\laragon\www\wordpress\wp-includes\load.php(1304): do_action('shutdown')
#5 [internal function]: shutdown_action_hook()
#6 {main}
  thrown in C:\laragon\www\wordpress\wp-content\plugins\ultimate-member\includes\lib\action-scheduler\classes\data-stores\ActionScheduler_DBStore.php on line 1128
[11-Sep-2025 16:28:17 UTC] PHP Warning:  Constant GE_MODULE already defined in C:\laragon\www\wordpress\wp-content\plugins\GestionMasters\GestionMasters.php on line 11
[11-Sep-2025 17:28:17 Africa/Tunis] PHP Warning:  Undefined variable $email in C:\laragon\www\wordpress\wp-content\plugins\secure-login\includes\login-handler.php on line 4
[11-Sep-2025 16:28:17 UTC] PHP Warning:  Constant GE_MODULE already defined in C:\laragon\www\wordpress\wp-content\plugins\GestionMasters\GestionMasters.php on line 11
[11-Sep-2025 17:28:17 Africa/Tunis] PHP Warning:  Undefined variable $email in C:\laragon\www\wordpress\wp-content\plugins\secure-login\includes\login-handler.php on line 4
[11-Sep-2025 17:28:17 Africa/Tunis] PHP Deprecated:  strpos(): Passing null to parameter #1 ($haystack) of type string is deprecated in C:\laragon\www\wordpress\wp-includes\functions.php on line 7360
[11-Sep-2025 17:28:17 Africa/Tunis] PHP Deprecated:  str_replace(): Passing null to parameter #3 ($subject) of type array|string is deprecated in C:\laragon\www\wordpress\wp-includes\functions.php on line 2195
[11-Sep-2025 16:28:18 UTC] PHP Warning:  Constant GE_MODULE already defined in C:\laragon\www\wordpress\wp-content\plugins\GestionMasters\GestionMasters.php on line 11
[11-Sep-2025 17:28:18 Africa/Tunis] PHP Warning:  Undefined variable $email in C:\laragon\www\wordpress\wp-content\plugins\secure-login\includes\login-handler.php on line 4
[11-Sep-2025 16:28:24 UTC] PHP Warning:  Constant GE_MODULE already defined in C:\laragon\www\wordpress\wp-content\plugins\GestionMasters\GestionMasters.php on line 11
[11-Sep-2025 17:28:24 Africa/Tunis] PHP Warning:  Undefined variable $email in C:\laragon\www\wordpress\wp-content\plugins\secure-login\includes\login-handler.php on line 4
[11-Sep-2025 17:28:24 Africa/Tunis] PHP Deprecated:  strpos(): Passing null to parameter #1 ($haystack) of type string is deprecated in C:\laragon\www\wordpress\wp-includes\functions.php on line 7360
[11-Sep-2025 17:28:24 Africa/Tunis] PHP Deprecated:  str_replace(): Passing null to parameter #3 ($subject) of type array|string is deprecated in C:\laragon\www\wordpress\wp-includes\functions.php on line 2195
[11-Sep-2025 17:28:25 Africa/Tunis] PHP Fatal error:  Uncaught RuntimeException: Unable to release actions from claim id 0. in C:\laragon\www\wordpress\wp-content\plugins\ultimate-member\includes\lib\action-scheduler\classes\data-stores\ActionScheduler_DBStore.php:1128
Stack trace:
#0 C:\laragon\www\wordpress\wp-content\plugins\ultimate-member\includes\lib\action-scheduler\classes\ActionScheduler_QueueRunner.php(195): ActionScheduler_DBStore->release_claim(Object(ActionScheduler_ActionClaim))
#1 C:\laragon\www\wordpress\wp-content\plugins\ultimate-member\includes\lib\action-scheduler\classes\ActionScheduler_QueueRunner.php(158): ActionScheduler_QueueRunner->do_batch(25, 'Async Request')
#2 C:\laragon\www\wordpress\wp-includes\class-wp-hook.php(324): ActionScheduler_QueueRunner->run('Async Request')
#3 C:\laragon\www\wordpress\wp-includes\class-wp-hook.php(348): WP_Hook->apply_filters('', Array)
#4 C:\laragon\www\wordpress\wp-includes\plugin.php(517): WP_Hook->do_action(Array)
#5 C:\laragon\www\wordpress\wp-content\plugins\ultimate-member\includes\lib\action-scheduler\classes\ActionScheduler_AsyncRequest_QueueRunner.php(48): do_action('action_schedule...', 'Async Request')
#6 C:\laragon\www\wordpress\wp-content\plugins\ultimate-member\includes\lib\action-scheduler\lib\WP_Async_Request.php(174): ActionScheduler_AsyncRequest_QueueRunner->handle()
#7 C:\laragon\www\wordpress\wp-includes\class-wp-hook.php(324): WP_Async_Request->maybe_handle('')
#8 C:\laragon\www\wordpress\wp-includes\class-wp-hook.php(348): WP_Hook->apply_filters('', Array)
#9 C:\laragon\www\wordpress\wp-includes\plugin.php(517): WP_Hook->do_action(Array)
#10 C:\laragon\www\wordpress\wp-admin\admin-ajax.php(192): do_action('wp_ajax_as_asyn...')
#11 {main}
  thrown in C:\laragon\www\wordpress\wp-content\plugins\ultimate-member\includes\lib\action-scheduler\classes\data-stores\ActionScheduler_DBStore.php on line 1128
[11-Sep-2025 17:28:25 Africa/Tunis] PHP Fatal error:  Uncaught RuntimeException: Unable to release actions from claim id 0. in C:\laragon\www\wordpress\wp-content\plugins\ultimate-member\includes\lib\action-scheduler\classes\data-stores\ActionScheduler_DBStore.php:1128
Stack trace:
#0 C:\laragon\www\wordpress\wp-content\plugins\ultimate-member\includes\lib\action-scheduler\classes\ActionScheduler_FatalErrorMonitor.php(95): ActionScheduler_DBStore->release_claim(Object(ActionScheduler_ActionClaim))
#1 C:\laragon\www\wordpress\wp-includes\class-wp-hook.php(324): ActionScheduler_FatalErrorMonitor->handle_unexpected_shutdown('')
#2 C:\laragon\www\wordpress\wp-includes\class-wp-hook.php(348): WP_Hook->apply_filters(NULL, Array)
#3 C:\laragon\www\wordpress\wp-includes\plugin.php(517): WP_Hook->do_action(Array)
#4 C:\laragon\www\wordpress\wp-includes\load.php(1304): do_action('shutdown')
#5 [internal function]: shutdown_action_hook()
#6 {main}
  thrown in C:\laragon\www\wordpress\wp-content\plugins\ultimate-member\includes\lib\action-scheduler\classes\data-stores\ActionScheduler_DBStore.php on line 1128
[11-Sep-2025 16:28:25 UTC] PHP Warning:  Constant GE_MODULE already defined in C:\laragon\www\wordpress\wp-content\plugins\GestionMasters\GestionMasters.php on line 11
[11-Sep-2025 17:28:25 Africa/Tunis] PHP Warning:  Undefined variable $email in C:\laragon\www\wordpress\wp-content\plugins\secure-login\includes\login-handler.php on line 4
[11-Sep-2025 16:28:27 UTC] PHP Warning:  Constant GE_MODULE already defined in C:\laragon\www\wordpress\wp-content\plugins\GestionMasters\GestionMasters.php on line 11
[11-Sep-2025 17:28:27 Africa/Tunis] PHP Warning:  Undefined variable $email in C:\laragon\www\wordpress\wp-content\plugins\secure-login\includes\login-handler.php on line 4
[11-Sep-2025 17:28:27 Africa/Tunis] PHP Deprecated:  strpos(): Passing null to parameter #1 ($haystack) of type string is deprecated in C:\laragon\www\wordpress\wp-includes\functions.php on line 7360
[11-Sep-2025 17:28:27 Africa/Tunis] PHP Deprecated:  str_replace(): Passing null to parameter #3 ($subject) of type array|string is deprecated in C:\laragon\www\wordpress\wp-includes\functions.php on line 2195
[11-Sep-2025 16:28:27 UTC] PHP Warning:  Constant GE_MODULE already defined in C:\laragon\www\wordpress\wp-content\plugins\GestionMasters\GestionMasters.php on line 11
[11-Sep-2025 17:28:28 Africa/Tunis] PHP Warning:  Undefined variable $email in C:\laragon\www\wordpress\wp-content\plugins\secure-login\includes\login-handler.php on line 4
[11-Sep-2025 16:28:30 UTC] PHP Warning:  Constant GE_MODULE already defined in C:\laragon\www\wordpress\wp-content\plugins\GestionMasters\GestionMasters.php on line 11
[11-Sep-2025 17:28:30 Africa/Tunis] PHP Warning:  Undefined variable $email in C:\laragon\www\wordpress\wp-content\plugins\secure-login\includes\login-handler.php on line 4
[11-Sep-2025 17:28:30 Africa/Tunis] PHP Deprecated:  strpos(): Passing null to parameter #1 ($haystack) of type string is deprecated in C:\laragon\www\wordpress\wp-includes\functions.php on line 7360
[11-Sep-2025 17:28:30 Africa/Tunis] PHP Deprecated:  str_replace(): Passing null to parameter #3 ($subject) of type array|string is deprecated in C:\laragon\www\wordpress\wp-includes\functions.php on line 2195
[11-Sep-2025 17:28:30 Africa/Tunis] PHP Warning:  Attempt to read property "post_type" on null in C:\laragon\www\wordpress\wp-includes\post.php on line 7874
[11-Sep-2025 17:28:30 Africa/Tunis] PHP Warning:  Attempt to read property "post_type" on null in C:\laragon\www\wordpress\wp-includes\post.php on line 7875
[11-Sep-2025 17:28:30 Africa/Tunis] PHP Warning:  Attempt to read property "ID" on null in C:\laragon\www\wordpress\wp-includes\post.php on line 7879
[11-Sep-2025 17:28:30 Africa/Tunis] PHP Warning:  Attempt to read property "post_type" on null in C:\laragon\www\wordpress\wp-includes\post.php on line 8137
[11-Sep-2025 17:28:30 Africa/Tunis] PHP Warning:  Attempt to read property "post_type" on null in C:\laragon\www\wordpress\wp-includes\theme.php on line 3644
[11-Sep-2025 17:28:30 Africa/Tunis] PHP Warning:  Attempt to read property "post_type" on null in C:\laragon\www\wordpress\wp-content\plugins\ultimate-member\includes\common\class-cpt.php on line 150
[11-Sep-2025 17:28:30 Africa/Tunis] PHP Warning:  Attempt to read property "post_type" on null in C:\laragon\www\wordpress\wp-includes\theme.php on line 3870
[11-Sep-2025 17:28:30 Africa/Tunis] PHP Warning:  Attempt to read property "post_type" on null in C:\laragon\www\wordpress\wp-includes\post.php on line 5798
[11-Sep-2025 17:28:30 Africa/Tunis] PHP Warning:  Attempt to read property "ID" on null in C:\laragon\www\wordpress\wp-includes\post.php on line 5798
[11-Sep-2025 17:28:30 Africa/Tunis] PHP Warning:  Attempt to read property "post_type" on null in C:\laragon\www\wordpress\wp-includes\post.php on line 5099
[11-Sep-2025 16:28:30 UTC] PHP Warning:  Constant GE_MODULE already defined in C:\laragon\www\wordpress\wp-content\plugins\GestionMasters\GestionMasters.php on line 11
[11-Sep-2025 17:28:30 Africa/Tunis] PHP Warning:  Undefined variable $email in C:\laragon\www\wordpress\wp-content\plugins\secure-login\includes\login-handler.php on line 4
[11-Sep-2025 17:28:30 Africa/Tunis] PHP Deprecated:  strpos(): Passing null to parameter #1 ($haystack) of type string is deprecated in C:\laragon\www\wordpress\wp-includes\functions.php on line 7360
[11-Sep-2025 17:28:30 Africa/Tunis] PHP Deprecated:  str_replace(): Passing null to parameter #3 ($subject) of type array|string is deprecated in C:\laragon\www\wordpress\wp-includes\functions.php on line 2195
[11-Sep-2025 16:28:31 UTC] PHP Warning:  Constant GE_MODULE already defined in C:\laragon\www\wordpress\wp-content\plugins\GestionMasters\GestionMasters.php on line 11
[11-Sep-2025 17:28:31 Africa/Tunis] PHP Warning:  Undefined variable $email in C:\laragon\www\wordpress\wp-content\plugins\secure-login\includes\login-handler.php on line 4
[11-Sep-2025 16:28:33 UTC] PHP Warning:  Constant GE_MODULE already defined in C:\laragon\www\wordpress\wp-content\plugins\GestionMasters\GestionMasters.php on line 11
[11-Sep-2025 17:28:33 Africa/Tunis] PHP Warning:  Undefined variable $email in C:\laragon\www\wordpress\wp-content\plugins\secure-login\includes\login-handler.php on line 4
[11-Sep-2025 17:28:33 Africa/Tunis] PHP Deprecated:  strpos(): Passing null to parameter #1 ($haystack) of type string is deprecated in C:\laragon\www\wordpress\wp-includes\functions.php on line 7360
[11-Sep-2025 17:28:33 Africa/Tunis] PHP Deprecated:  str_replace(): Passing null to parameter #3 ($subject) of type array|string is deprecated in C:\laragon\www\wordpress\wp-includes\functions.php on line 2195
[11-Sep-2025 17:28:33 Africa/Tunis] PHP Notice:  La fonction WP_List_Util::pluck a été appelée de façon <strong>incorrecte</strong>. Les valeurs du tableau fourni doivent être soit des objets soit des tableaux. Veuillez lire <a href="https://developer.wordpress.org/advanced-administration/debug/debug-wordpress/">Débogage dans WordPress</a> (en) pour plus d’informations. (Ce message a été ajouté à la version 6.2.0.) in C:\laragon\www\wordpress\wp-includes\functions.php on line 6121
[11-Sep-2025 17:28:33 Africa/Tunis] PHP Warning:  Attempt to read property "ID" on null in C:\laragon\www\wordpress\wp-includes\post.php on line 7611
[11-Sep-2025 17:28:33 Africa/Tunis] PHP Notice:  La fonction WP_Object_Cache::add a été appelée de façon <strong>incorrecte</strong>. La clé du cache ne doit pas être une chaîne vide. Veuillez lire <a href="https://developer.wordpress.org/advanced-administration/debug/debug-wordpress/">Débogage dans WordPress</a> (en) pour plus d’informations. (Ce message a été ajouté à la version 6.1.0.) in C:\laragon\www\wordpress\wp-includes\functions.php on line 6121
[11-Sep-2025 17:28:33 Africa/Tunis] PHP Warning:  Attempt to read property "ID" on null in C:\laragon\www\wordpress\wp-includes\post.php on line 7698
[11-Sep-2025 17:28:33 Africa/Tunis] PHP Warning:  Attempt to read property "ID" on null in C:\laragon\www\wordpress\wp-admin\includes\class-wp-posts-list-table.php on line 830
[11-Sep-2025 17:28:33 Africa/Tunis] PHP Notice:  La fonction WP_List_Util::pluck a été appelée de façon <strong>incorrecte</strong>. Les valeurs du tableau fourni doivent être soit des objets soit des tableaux. Veuillez lire <a href="https://developer.wordpress.org/advanced-administration/debug/debug-wordpress/">Débogage dans WordPress</a> (en) pour plus d’informations. (Ce message a été ajouté à la version 6.2.0.) in C:\laragon\www\wordpress\wp-includes\functions.php on line 6121
[11-Sep-2025 17:28:33 Africa/Tunis] PHP Warning:  Attempt to read property "post_author" on null in C:\laragon\www\wordpress\wp-admin\includes\class-wp-posts-list-table.php on line 1428
[11-Sep-2025 17:28:33 Africa/Tunis] PHP Warning:  Attempt to read property "ID" on null in C:\laragon\www\wordpress\wp-admin\includes\class-wp-posts-list-table.php on line 1430
[11-Sep-2025 17:28:33 Africa/Tunis] PHP Warning:  Attempt to read property "post_parent" on null in C:\laragon\www\wordpress\wp-admin\includes\class-wp-posts-list-table.php on line 1436
[11-Sep-2025 17:28:33 Africa/Tunis] PHP Warning:  Attempt to read property "ID" on null in C:\laragon\www\wordpress\wp-admin\includes\class-wp-posts-list-table.php on line 1443
[11-Sep-2025 17:28:33 Africa/Tunis] PHP Warning:  Attempt to read property "ID" on null in C:\laragon\www\wordpress\wp-admin\includes\class-wp-posts-list-table.php on line 1443
[11-Sep-2025 17:28:33 Africa/Tunis] PHP Warning:  Attempt to read property "ID" on null in C:\laragon\www\wordpress\wp-admin\includes\class-wp-posts-list-table.php on line 1028
[11-Sep-2025 17:28:33 Africa/Tunis] PHP Notice:  La fonction map_meta_cap a été appelée de façon <strong>incorrecte</strong>. Lors de la vérification de la capacité <code>edit_post</code>, vous devez toujours la comparer avec une publication spécifique. Veuillez lire <a href="https://developer.wordpress.org/advanced-administration/debug/debug-wordpress/">Débogage dans WordPress</a> (en) pour plus d’informations. (Ce message a été ajouté à la version 6.1.0.) in C:\laragon\www\wordpress\wp-includes\functions.php on line 6121
[11-Sep-2025 17:28:33 Africa/Tunis] PHP Warning:  Attempt to read property "ID" on null in C:\laragon\www\wordpress\wp-admin\includes\class-wp-posts-list-table.php on line 1117
[11-Sep-2025 17:28:33 Africa/Tunis] PHP Notice:  La fonction map_meta_cap a été appelée de façon <strong>incorrecte</strong>. Lors de la vérification de la capacité <code>edit_post</code>, vous devez toujours la comparer avec une publication spécifique. Veuillez lire <a href="https://developer.wordpress.org/advanced-administration/debug/debug-wordpress/">Débogage dans WordPress</a> (en) pour plus d’informations. (Ce message a été ajouté à la version 6.1.0.) in C:\laragon\www\wordpress\wp-includes\functions.php on line 6121
[11-Sep-2025 17:28:33 Africa/Tunis] PHP Warning:  Attempt to read property "post_status" on null in C:\laragon\www\wordpress\wp-admin\includes\template.php on line 2298
[11-Sep-2025 17:28:33 Africa/Tunis] PHP Warning:  Attempt to read property "post_status" on null in C:\laragon\www\wordpress\wp-admin\includes\template.php on line 2302
[11-Sep-2025 17:28:33 Africa/Tunis] PHP Warning:  Attempt to read property "post_status" on null in C:\laragon\www\wordpress\wp-admin\includes\template.php on line 2308
[11-Sep-2025 17:28:33 Africa/Tunis] PHP Warning:  Attempt to read property "post_status" on null in C:\laragon\www\wordpress\wp-admin\includes\template.php on line 2312
[11-Sep-2025 17:28:33 Africa/Tunis] PHP Warning:  Attempt to read property "ID" on null in C:\laragon\www\wordpress\wp-admin\includes\template.php on line 2316
[11-Sep-2025 17:28:33 Africa/Tunis] PHP Warning:  Attempt to read property "post_status" on null in C:\laragon\www\wordpress\wp-admin\includes\template.php on line 2320
[11-Sep-2025 17:28:33 Africa/Tunis] PHP Warning:  Attempt to read property "ID" on null in C:\laragon\www\wordpress\wp-admin\includes\template.php on line 2325
[11-Sep-2025 17:28:33 Africa/Tunis] PHP Warning:  Attempt to read property "ID" on null in C:\laragon\www\wordpress\wp-admin\includes\template.php on line 2329
[11-Sep-2025 17:28:33 Africa/Tunis] PHP Warning:  Attempt to read property "ID" on null in C:\laragon\www\wordpress\wp-admin\includes\template.php on line 2334
[11-Sep-2025 17:28:33 Africa/Tunis] PHP Warning:  Attempt to read property "ID" on null in C:\laragon\www\wordpress\wp-content\plugins\ultimate-member\includes\admin\core\class-admin-columns.php on line 213
[11-Sep-2025 17:28:33 Africa/Tunis] PHP Warning:  Attempt to read property "ID" on null in C:\laragon\www\wordpress\wp-content\plugins\ultimate-member\includes\admin\core\class-admin-columns.php on line 213
[11-Sep-2025 17:28:33 Africa/Tunis] PHP Warning:  Attempt to read property "ID" on null in C:\laragon\www\wordpress\wp-content\plugins\ultimate-member\includes\admin\core\class-admin-columns.php on line 213
[11-Sep-2025 17:28:33 Africa/Tunis] PHP Warning:  Attempt to read property "ID" on null in C:\laragon\www\wordpress\wp-content\plugins\ultimate-member\includes\admin\core\class-admin-columns.php on line 213
[11-Sep-2025 17:28:33 Africa/Tunis] PHP Warning:  Attempt to read property "ID" on null in C:\laragon\www\wordpress\wp-content\plugins\ultimate-member\includes\admin\core\class-admin-columns.php on line 213
[11-Sep-2025 17:28:33 Africa/Tunis] PHP Warning:  Attempt to read property "ID" on null in C:\laragon\www\wordpress\wp-content\plugins\ultimate-member\includes\admin\core\class-admin-columns.php on line 213
[11-Sep-2025 17:28:33 Africa/Tunis] PHP Warning:  Attempt to read property "ID" on null in C:\laragon\www\wordpress\wp-content\plugins\ultimate-member\includes\admin\core\class-admin-columns.php on line 213
[11-Sep-2025 17:28:33 Africa/Tunis] PHP Warning:  Attempt to read property "post_type" on null in C:\laragon\www\wordpress\wp-admin\includes\class-wp-posts-list-table.php on line 1177
[11-Sep-2025 17:28:33 Africa/Tunis] PHP Warning:  Attempt to read property "post_type" on null in C:\laragon\www\wordpress\wp-admin\includes\template.php on line 312
[11-Sep-2025 17:28:33 Africa/Tunis] PHP Warning:  Attempt to read property "ID" on null in C:\laragon\www\wordpress\wp-admin\includes\template.php on line 313
[11-Sep-2025 17:28:33 Africa/Tunis] PHP Notice:  La fonction map_meta_cap a été appelée de façon <strong>incorrecte</strong>. Lors de la vérification de la capacité <code>edit_post</code>, vous devez toujours la comparer avec une publication spécifique. Veuillez lire <a href="https://developer.wordpress.org/advanced-administration/debug/debug-wordpress/">Débogage dans WordPress</a> (en) pour plus d’informations. (Ce message a été ajouté à la version 6.1.0.) in C:\laragon\www\wordpress\wp-includes\functions.php on line 6121
[11-Sep-2025 17:28:33 Africa/Tunis] PHP Warning:  Attempt to read property "post_type" on null in C:\laragon\www\wordpress\wp-admin\includes\class-wp-posts-list-table.php on line 1481
[11-Sep-2025 17:28:33 Africa/Tunis] PHP Warning:  Attempt to read property "ID" on null in C:\laragon\www\wordpress\wp-admin\includes\class-wp-posts-list-table.php on line 1482
[11-Sep-2025 17:28:33 Africa/Tunis] PHP Notice:  La fonction map_meta_cap a été appelée de façon <strong>incorrecte</strong>. Lors de la vérification de la capacité <code>edit_post</code>, vous devez toujours la comparer avec une publication spécifique. Veuillez lire <a href="https://developer.wordpress.org/advanced-administration/debug/debug-wordpress/">Débogage dans WordPress</a> (en) pour plus d’informations. (Ce message a été ajouté à la version 6.1.0.) in C:\laragon\www\wordpress\wp-includes\functions.php on line 6121
[11-Sep-2025 17:28:33 Africa/Tunis] PHP Warning:  Attempt to read property "ID" on null in C:\laragon\www\wordpress\wp-admin\includes\class-wp-posts-list-table.php on line 1515
[11-Sep-2025 17:28:33 Africa/Tunis] PHP Notice:  La fonction map_meta_cap a été appelée de façon <strong>incorrecte</strong>. Lors de la vérification de la capacité <code>delete_post</code>, vous devez toujours la comparer avec une publication spécifique. Veuillez lire <a href="https://developer.wordpress.org/advanced-administration/debug/debug-wordpress/">Débogage dans WordPress</a> (en) pour plus d’informations. (Ce message a été ajouté à la version 6.1.0.) in C:\laragon\www\wordpress\wp-includes\functions.php on line 6121
[11-Sep-2025 17:28:33 Africa/Tunis] PHP Warning:  Attempt to read property "post_type" on null in C:\laragon\www\wordpress\wp-admin\includes\class-wp-posts-list-table.php on line 1568
[11-Sep-2025 17:28:33 Africa/Tunis] PHP Warning:  Attempt to read property "post_type" on null in C:\laragon\www\wordpress\wp-admin\includes\class-wp-posts-list-table.php on line 1578
[11-Sep-2025 17:28:33 Africa/Tunis] PHP Warning:  Attempt to read property "post_type" on null in C:\laragon\www\wordpress\wp-content\plugins\duplicate-page\duplicatepage.php on line 254
[11-Sep-2025 17:28:33 Africa/Tunis] PHP Warning:  Attempt to read property "post_type" on null in C:\laragon\www\wordpress\wp-content\plugins\ultimate-member\includes\admin\core\class-admin-columns.php on line 53
[11-Sep-2025 17:28:33 Africa/Tunis] PHP Warning:  Attempt to read property "post_type" on null in C:\laragon\www\wordpress\wp-content\plugins\ultimate-member\includes\admin\core\class-admin-columns.php on line 70
[11-Sep-2025 17:28:33 Africa/Tunis] PHP Warning:  Attempt to read property "ID" on null in C:\laragon\www\wordpress\wp-admin\includes\class-wp-posts-list-table.php on line 1268
[11-Sep-2025 17:28:33 Africa/Tunis] PHP Warning:  Attempt to read property "ID" on null in C:\laragon\www\wordpress\wp-admin\includes\class-wp-posts-list-table.php on line 1270
[11-Sep-2025 17:28:33 Africa/Tunis] PHP Warning:  Attempt to read property "post_date" on null in C:\laragon\www\wordpress\wp-admin\includes\class-wp-posts-list-table.php on line 1196
[11-Sep-2025 17:28:33 Africa/Tunis] PHP Warning:  Attempt to read property "post_status" on null in C:\laragon\www\wordpress\wp-admin\includes\class-wp-posts-list-table.php on line 1213
[11-Sep-2025 17:28:33 Africa/Tunis] PHP Warning:  Attempt to read property "post_status" on null in C:\laragon\www\wordpress\wp-admin\includes\class-wp-posts-list-table.php on line 1215
[11-Sep-2025 17:28:33 Africa/Tunis] PHP Warning:  Attempt to read property "post_status" on null in C:\laragon\www\wordpress\wp-admin\includes\template.php on line 812
[11-Sep-2025 17:28:33 Africa/Tunis] PHP Warning:  Attempt to read property "post_date" on null in C:\laragon\www\wordpress\wp-admin\includes\template.php on line 823
[11-Sep-2025 16:28:34 UTC] PHP Warning:  Constant GE_MODULE already defined in C:\laragon\www\wordpress\wp-content\plugins\GestionMasters\GestionMasters.php on line 11
[11-Sep-2025 17:28:34 Africa/Tunis] PHP Warning:  Undefined variable $email in C:\laragon\www\wordpress\wp-content\plugins\secure-login\includes\login-handler.php on line 4
[11-Sep-2025 16:28:42 UTC] PHP Warning:  Constant GE_MODULE already defined in C:\laragon\www\wordpress\wp-content\plugins\GestionMasters\GestionMasters.php on line 11
[11-Sep-2025 17:28:42 Africa/Tunis] PHP Warning:  Undefined variable $email in C:\laragon\www\wordpress\wp-content\plugins\secure-login\includes\login-handler.php on line 4
[11-Sep-2025 17:28:42 Africa/Tunis] PHP Deprecated:  strpos(): Passing null to parameter #1 ($haystack) of type string is deprecated in C:\laragon\www\wordpress\wp-includes\functions.php on line 7360
[11-Sep-2025 17:28:42 Africa/Tunis] PHP Deprecated:  str_replace(): Passing null to parameter #3 ($subject) of type array|string is deprecated in C:\laragon\www\wordpress\wp-includes\functions.php on line 2195
[11-Sep-2025 16:28:42 UTC] PHP Warning:  Constant GE_MODULE already defined in C:\laragon\www\wordpress\wp-content\plugins\GestionMasters\GestionMasters.php on line 11
[11-Sep-2025 17:28:42 Africa/Tunis] PHP Warning:  Undefined variable $email in C:\laragon\www\wordpress\wp-content\plugins\secure-login\includes\login-handler.php on line 4
[11-Sep-2025 16:28:44 UTC] PHP Warning:  Constant GE_MODULE already defined in C:\laragon\www\wordpress\wp-content\plugins\GestionMasters\GestionMasters.php on line 11
[11-Sep-2025 17:28:44 Africa/Tunis] PHP Warning:  Undefined variable $email in C:\laragon\www\wordpress\wp-content\plugins\secure-login\includes\login-handler.php on line 4
[11-Sep-2025 17:28:44 Africa/Tunis] PHP Deprecated:  strpos(): Passing null to parameter #1 ($haystack) of type string is deprecated in C:\laragon\www\wordpress\wp-includes\functions.php on line 7360
[11-Sep-2025 17:28:44 Africa/Tunis] PHP Deprecated:  str_replace(): Passing null to parameter #3 ($subject) of type array|string is deprecated in C:\laragon\www\wordpress\wp-includes\functions.php on line 2195
[11-Sep-2025 17:28:44 Africa/Tunis] PHP Notice:  La fonction WP_List_Util::pluck a été appelée de façon <strong>incorrecte</strong>. Les valeurs du tableau fourni doivent être soit des objets soit des tableaux. Veuillez lire <a href="https://developer.wordpress.org/advanced-administration/debug/debug-wordpress/">Débogage dans WordPress</a> (en) pour plus d’informations. (Ce message a été ajouté à la version 6.2.0.) in C:\laragon\www\wordpress\wp-includes\functions.php on line 6121
[11-Sep-2025 17:28:44 Africa/Tunis] PHP Warning:  Attempt to read property "ID" on null in C:\laragon\www\wordpress\wp-includes\post.php on line 7611
[11-Sep-2025 17:28:44 Africa/Tunis] PHP Notice:  La fonction WP_Object_Cache::add a été appelée de façon <strong>incorrecte</strong>. La clé du cache ne doit pas être une chaîne vide. Veuillez lire <a href="https://developer.wordpress.org/advanced-administration/debug/debug-wordpress/">Débogage dans WordPress</a> (en) pour plus d’informations. (Ce message a été ajouté à la version 6.1.0.) in C:\laragon\www\wordpress\wp-includes\functions.php on line 6121
[11-Sep-2025 17:28:44 Africa/Tunis] PHP Warning:  Attempt to read property "ID" on null in C:\laragon\www\wordpress\wp-includes\post.php on line 7698
[11-Sep-2025 17:28:44 Africa/Tunis] PHP Warning:  Attempt to read property "ID" on null in C:\laragon\www\wordpress\wp-admin\includes\class-wp-posts-list-table.php on line 830
[11-Sep-2025 17:28:44 Africa/Tunis] PHP Notice:  La fonction WP_List_Util::pluck a été appelée de façon <strong>incorrecte</strong>. Les valeurs du tableau fourni doivent être soit des objets soit des tableaux. Veuillez lire <a href="https://developer.wordpress.org/advanced-administration/debug/debug-wordpress/">Débogage dans WordPress</a> (en) pour plus d’informations. (Ce message a été ajouté à la version 6.2.0.) in C:\laragon\www\wordpress\wp-includes\functions.php on line 6121
[11-Sep-2025 17:28:44 Africa/Tunis] PHP Warning:  Attempt to read property "post_author" on null in C:\laragon\www\wordpress\wp-admin\includes\class-wp-posts-list-table.php on line 1428
[11-Sep-2025 17:28:44 Africa/Tunis] PHP Warning:  Attempt to read property "ID" on null in C:\laragon\www\wordpress\wp-admin\includes\class-wp-posts-list-table.php on line 1430
[11-Sep-2025 17:28:44 Africa/Tunis] PHP Warning:  Attempt to read property "post_parent" on null in C:\laragon\www\wordpress\wp-admin\includes\class-wp-posts-list-table.php on line 1436
[11-Sep-2025 17:28:44 Africa/Tunis] PHP Warning:  Attempt to read property "ID" on null in C:\laragon\www\wordpress\wp-admin\includes\class-wp-posts-list-table.php on line 1443
[11-Sep-2025 17:28:44 Africa/Tunis] PHP Warning:  Attempt to read property "ID" on null in C:\laragon\www\wordpress\wp-admin\includes\class-wp-posts-list-table.php on line 1443
[11-Sep-2025 17:28:44 Africa/Tunis] PHP Warning:  Attempt to read property "ID" on null in C:\laragon\www\wordpress\wp-admin\includes\class-wp-posts-list-table.php on line 1028
[11-Sep-2025 17:28:44 Africa/Tunis] PHP Notice:  La fonction map_meta_cap a été appelée de façon <strong>incorrecte</strong>. Lors de la vérification de la capacité <code>edit_post</code>, vous devez toujours la comparer avec une publication spécifique. Veuillez lire <a href="https://developer.wordpress.org/advanced-administration/debug/debug-wordpress/">Débogage dans WordPress</a> (en) pour plus d’informations. (Ce message a été ajouté à la version 6.1.0.) in C:\laragon\www\wordpress\wp-includes\functions.php on line 6121
[11-Sep-2025 17:28:44 Africa/Tunis] PHP Warning:  Attempt to read property "ID" on null in C:\laragon\www\wordpress\wp-admin\includes\class-wp-posts-list-table.php on line 1117
[11-Sep-2025 17:28:44 Africa/Tunis] PHP Notice:  La fonction map_meta_cap a été appelée de façon <strong>incorrecte</strong>. Lors de la vérification de la capacité <code>edit_post</code>, vous devez toujours la comparer avec une publication spécifique. Veuillez lire <a href="https://developer.wordpress.org/advanced-administration/debug/debug-wordpress/">Débogage dans WordPress</a> (en) pour plus d’informations. (Ce message a été ajouté à la version 6.1.0.) in C:\laragon\www\wordpress\wp-includes\functions.php on line 6121
[11-Sep-2025 17:28:44 Africa/Tunis] PHP Warning:  Attempt to read property "post_status" on null in C:\laragon\www\wordpress\wp-admin\includes\template.php on line 2298
[11-Sep-2025 17:28:44 Africa/Tunis] PHP Warning:  Attempt to read property "post_status" on null in C:\laragon\www\wordpress\wp-admin\includes\template.php on line 2302
[11-Sep-2025 17:28:44 Africa/Tunis] PHP Warning:  Attempt to read property "post_status" on null in C:\laragon\www\wordpress\wp-admin\includes\template.php on line 2308
[11-Sep-2025 17:28:44 Africa/Tunis] PHP Warning:  Attempt to read property "post_status" on null in C:\laragon\www\wordpress\wp-admin\includes\template.php on line 2312
[11-Sep-2025 17:28:44 Africa/Tunis] PHP Warning:  Attempt to read property "ID" on null in C:\laragon\www\wordpress\wp-admin\includes\template.php on line 2316
[11-Sep-2025 17:28:44 Africa/Tunis] PHP Warning:  Attempt to read property "post_status" on null in C:\laragon\www\wordpress\wp-admin\includes\template.php on line 2320
[11-Sep-2025 17:28:44 Africa/Tunis] PHP Warning:  Attempt to read property "ID" on null in C:\laragon\www\wordpress\wp-admin\includes\template.php on line 2325
[11-Sep-2025 17:28:44 Africa/Tunis] PHP Warning:  Attempt to read property "ID" on null in C:\laragon\www\wordpress\wp-admin\includes\template.php on line 2329
[11-Sep-2025 17:28:44 Africa/Tunis] PHP Warning:  Attempt to read property "ID" on null in C:\laragon\www\wordpress\wp-admin\includes\template.php on line 2334
[11-Sep-2025 17:28:44 Africa/Tunis] PHP Warning:  Attempt to read property "ID" on null in C:\laragon\www\wordpress\wp-content\plugins\ultimate-member\includes\admin\core\class-admin-columns.php on line 213
[11-Sep-2025 17:28:44 Africa/Tunis] PHP Warning:  Attempt to read property "ID" on null in C:\laragon\www\wordpress\wp-content\plugins\ultimate-member\includes\admin\core\class-admin-columns.php on line 213
[11-Sep-2025 17:28:44 Africa/Tunis] PHP Warning:  Attempt to read property "ID" on null in C:\laragon\www\wordpress\wp-content\plugins\ultimate-member\includes\admin\core\class-admin-columns.php on line 213
[11-Sep-2025 17:28:44 Africa/Tunis] PHP Warning:  Attempt to read property "ID" on null in C:\laragon\www\wordpress\wp-content\plugins\ultimate-member\includes\admin\core\class-admin-columns.php on line 213
[11-Sep-2025 17:28:44 Africa/Tunis] PHP Warning:  Attempt to read property "ID" on null in C:\laragon\www\wordpress\wp-content\plugins\ultimate-member\includes\admin\core\class-admin-columns.php on line 213
[11-Sep-2025 17:28:44 Africa/Tunis] PHP Warning:  Attempt to read property "ID" on null in C:\laragon\www\wordpress\wp-content\plugins\ultimate-member\includes\admin\core\class-admin-columns.php on line 213
[11-Sep-2025 17:28:44 Africa/Tunis] PHP Warning:  Attempt to read property "ID" on null in C:\laragon\www\wordpress\wp-content\plugins\ultimate-member\includes\admin\core\class-admin-columns.php on line 213
[11-Sep-2025 17:28:44 Africa/Tunis] PHP Warning:  Attempt to read property "post_type" on null in C:\laragon\www\wordpress\wp-admin\includes\class-wp-posts-list-table.php on line 1177
[11-Sep-2025 17:28:44 Africa/Tunis] PHP Warning:  Attempt to read property "post_type" on null in C:\laragon\www\wordpress\wp-admin\includes\template.php on line 312
[11-Sep-2025 17:28:44 Africa/Tunis] PHP Warning:  Attempt to read property "ID" on null in C:\laragon\www\wordpress\wp-admin\includes\template.php on line 313
[11-Sep-2025 17:28:44 Africa/Tunis] PHP Notice:  La fonction map_meta_cap a été appelée de façon <strong>incorrecte</strong>. Lors de la vérification de la capacité <code>edit_post</code>, vous devez toujours la comparer avec une publication spécifique. Veuillez lire <a href="https://developer.wordpress.org/advanced-administration/debug/debug-wordpress/">Débogage dans WordPress</a> (en) pour plus d’informations. (Ce message a été ajouté à la version 6.1.0.) in C:\laragon\www\wordpress\wp-includes\functions.php on line 6121
[11-Sep-2025 17:28:44 Africa/Tunis] PHP Warning:  Attempt to read property "post_type" on null in C:\laragon\www\wordpress\wp-admin\includes\class-wp-posts-list-table.php on line 1481
[11-Sep-2025 17:28:44 Africa/Tunis] PHP Warning:  Attempt to read property "ID" on null in C:\laragon\www\wordpress\wp-admin\includes\class-wp-posts-list-table.php on line 1482
[11-Sep-2025 17:28:44 Africa/Tunis] PHP Notice:  La fonction map_meta_cap a été appelée de façon <strong>incorrecte</strong>. Lors de la vérification de la capacité <code>edit_post</code>, vous devez toujours la comparer avec une publication spécifique. Veuillez lire <a href="https://developer.wordpress.org/advanced-administration/debug/debug-wordpress/">Débogage dans WordPress</a> (en) pour plus d’informations. (Ce message a été ajouté à la version 6.1.0.) in C:\laragon\www\wordpress\wp-includes\functions.php on line 6121
[11-Sep-2025 17:28:44 Africa/Tunis] PHP Warning:  Attempt to read property "ID" on null in C:\laragon\www\wordpress\wp-admin\includes\class-wp-posts-list-table.php on line 1515
[11-Sep-2025 17:28:44 Africa/Tunis] PHP Notice:  La fonction map_meta_cap a été appelée de façon <strong>incorrecte</strong>. Lors de la vérification de la capacité <code>delete_post</code>, vous devez toujours la comparer avec une publication spécifique. Veuillez lire <a href="https://developer.wordpress.org/advanced-administration/debug/debug-wordpress/">Débogage dans WordPress</a> (en) pour plus d’informations. (Ce message a été ajouté à la version 6.1.0.) in C:\laragon\www\wordpress\wp-includes\functions.php on line 6121
[11-Sep-2025 17:28:44 Africa/Tunis] PHP Warning:  Attempt to read property "post_type" on null in C:\laragon\www\wordpress\wp-admin\includes\class-wp-posts-list-table.php on line 1568
[11-Sep-2025 17:28:44 Africa/Tunis] PHP Warning:  Attempt to read property "post_type" on null in C:\laragon\www\wordpress\wp-admin\includes\class-wp-posts-list-table.php on line 1578
[11-Sep-2025 17:28:44 Africa/Tunis] PHP Warning:  Attempt to read property "post_type" on null in C:\laragon\www\wordpress\wp-content\plugins\duplicate-page\duplicatepage.php on line 254
[11-Sep-2025 17:28:44 Africa/Tunis] PHP Warning:  Attempt to read property "post_type" on null in C:\laragon\www\wordpress\wp-content\plugins\ultimate-member\includes\admin\core\class-admin-columns.php on line 53
[11-Sep-2025 17:28:44 Africa/Tunis] PHP Warning:  Attempt to read property "post_type" on null in C:\laragon\www\wordpress\wp-content\plugins\ultimate-member\includes\admin\core\class-admin-columns.php on line 70
[11-Sep-2025 17:28:44 Africa/Tunis] PHP Warning:  Attempt to read property "ID" on null in C:\laragon\www\wordpress\wp-admin\includes\class-wp-posts-list-table.php on line 1268
[11-Sep-2025 17:28:44 Africa/Tunis] PHP Warning:  Attempt to read property "ID" on null in C:\laragon\www\wordpress\wp-admin\includes\class-wp-posts-list-table.php on line 1270
[11-Sep-2025 17:28:44 Africa/Tunis] PHP Warning:  Attempt to read property "post_date" on null in C:\laragon\www\wordpress\wp-admin\includes\class-wp-posts-list-table.php on line 1196
[11-Sep-2025 17:28:44 Africa/Tunis] PHP Warning:  Attempt to read property "post_status" on null in C:\laragon\www\wordpress\wp-admin\includes\class-wp-posts-list-table.php on line 1213
[11-Sep-2025 17:28:44 Africa/Tunis] PHP Warning:  Attempt to read property "post_status" on null in C:\laragon\www\wordpress\wp-admin\includes\class-wp-posts-list-table.php on line 1215
[11-Sep-2025 17:28:44 Africa/Tunis] PHP Warning:  Attempt to read property "post_status" on null in C:\laragon\www\wordpress\wp-admin\includes\template.php on line 812
[11-Sep-2025 17:28:44 Africa/Tunis] PHP Warning:  Attempt to read property "post_date" on null in C:\laragon\www\wordpress\wp-admin\includes\template.php on line 823
[11-Sep-2025 16:28:45 UTC] PHP Warning:  Constant GE_MODULE already defined in C:\laragon\www\wordpress\wp-content\plugins\GestionMasters\GestionMasters.php on line 11
[11-Sep-2025 17:28:45 Africa/Tunis] PHP Warning:  Undefined variable $email in C:\laragon\www\wordpress\wp-content\plugins\secure-login\includes\login-handler.php on line 4
[11-Sep-2025 16:28:55 UTC] PHP Warning:  Constant GE_MODULE already defined in C:\laragon\www\wordpress\wp-content\plugins\GestionMasters\GestionMasters.php on line 11
[11-Sep-2025 17:28:55 Africa/Tunis] PHP Warning:  Undefined variable $email in C:\laragon\www\wordpress\wp-content\plugins\secure-login\includes\login-handler.php on line 4
[11-Sep-2025 16:29:03 UTC] PHP Warning:  Constant GE_MODULE already defined in C:\laragon\www\wordpress\wp-content\plugins\GestionMasters\GestionMasters.php on line 11
[11-Sep-2025 17:29:04 Africa/Tunis] PHP Warning:  Undefined variable $email in C:\laragon\www\wordpress\wp-content\plugins\secure-login\includes\login-handler.php on line 4
[11-Sep-2025 16:29:04 UTC] PHP Warning:  Constant GE_MODULE already defined in C:\laragon\www\wordpress\wp-content\plugins\GestionMasters\GestionMasters.php on line 11
[11-Sep-2025 17:29:04 Africa/Tunis] PHP Warning:  Undefined variable $email in C:\laragon\www\wordpress\wp-content\plugins\secure-login\includes\login-handler.php on line 4
[11-Sep-2025 16:29:05 UTC] PHP Warning:  Constant GE_MODULE already defined in C:\laragon\www\wordpress\wp-content\plugins\GestionMasters\GestionMasters.php on line 11
[11-Sep-2025 17:29:05 Africa/Tunis] PHP Warning:  Undefined variable $email in C:\laragon\www\wordpress\wp-content\plugins\secure-login\includes\login-handler.php on line 4
[11-Sep-2025 16:29:05 UTC] PHP Warning:  Constant GE_MODULE already defined in C:\laragon\www\wordpress\wp-content\plugins\GestionMasters\GestionMasters.php on line 11
[11-Sep-2025 17:29:05 Africa/Tunis] PHP Warning:  Undefined variable $email in C:\laragon\www\wordpress\wp-content\plugins\secure-login\includes\login-handler.php on line 4
[11-Sep-2025 17:29:10 Africa/Tunis] PHP Fatal error:  Uncaught RuntimeException: Unable to release actions from claim id 0. in C:\laragon\www\wordpress\wp-content\plugins\ultimate-member\includes\lib\action-scheduler\classes\data-stores\ActionScheduler_DBStore.php:1128
Stack trace:
#0 C:\laragon\www\wordpress\wp-content\plugins\ultimate-member\includes\lib\action-scheduler\classes\ActionScheduler_QueueRunner.php(195): ActionScheduler_DBStore->release_claim(Object(ActionScheduler_ActionClaim))
#1 C:\laragon\www\wordpress\wp-content\plugins\ultimate-member\includes\lib\action-scheduler\classes\ActionScheduler_QueueRunner.php(158): ActionScheduler_QueueRunner->do_batch(25, 'WP Cron')
#2 C:\laragon\www\wordpress\wp-includes\class-wp-hook.php(324): ActionScheduler_QueueRunner->run('WP Cron')
#3 C:\laragon\www\wordpress\wp-includes\class-wp-hook.php(348): WP_Hook->apply_filters('', Array)
#4 C:\laragon\www\wordpress\wp-includes\plugin.php(565): WP_Hook->do_action(Array)
#5 C:\laragon\www\wordpress\wp-cron.php(191): do_action_ref_array('action_schedule...', Array)
#6 {main}
  thrown in C:\laragon\www\wordpress\wp-content\plugins\ultimate-member\includes\lib\action-scheduler\classes\data-stores\ActionScheduler_DBStore.php on line 1128
[11-Sep-2025 17:29:10 Africa/Tunis] PHP Fatal error:  Uncaught RuntimeException: Unable to release actions from claim id 0. in C:\laragon\www\wordpress\wp-content\plugins\ultimate-member\includes\lib\action-scheduler\classes\data-stores\ActionScheduler_DBStore.php:1128
Stack trace:
#0 C:\laragon\www\wordpress\wp-content\plugins\ultimate-member\includes\lib\action-scheduler\classes\ActionScheduler_FatalErrorMonitor.php(95): ActionScheduler_DBStore->release_claim(Object(ActionScheduler_ActionClaim))
#1 C:\laragon\www\wordpress\wp-includes\class-wp-hook.php(324): ActionScheduler_FatalErrorMonitor->handle_unexpected_shutdown('')
#2 C:\laragon\www\wordpress\wp-includes\class-wp-hook.php(348): WP_Hook->apply_filters(NULL, Array)
#3 C:\laragon\www\wordpress\wp-includes\plugin.php(517): WP_Hook->do_action(Array)
#4 C:\laragon\www\wordpress\wp-includes\load.php(1304): do_action('shutdown')
#5 [internal function]: shutdown_action_hook()
#6 {main}
  thrown in C:\laragon\www\wordpress\wp-content\plugins\ultimate-member\includes\lib\action-scheduler\classes\data-stores\ActionScheduler_DBStore.php on line 1128
[11-Sep-2025 16:30:03 UTC] PHP Warning:  Constant GE_MODULE already defined in C:\laragon\www\wordpress\wp-content\plugins\GestionMasters\GestionMasters.php on line 11
[11-Sep-2025 17:30:04 Africa/Tunis] PHP Warning:  Undefined variable $email in C:\laragon\www\wordpress\wp-content\plugins\secure-login\includes\login-handler.php on line 4
[11-Sep-2025 16:30:04 UTC] PHP Warning:  Constant GE_MODULE already defined in C:\laragon\www\wordpress\wp-content\plugins\GestionMasters\GestionMasters.php on line 11
[11-Sep-2025 17:30:04 Africa/Tunis] PHP Warning:  Undefined variable $email in C:\laragon\www\wordpress\wp-content\plugins\secure-login\includes\login-handler.php on line 4
[11-Sep-2025 16:30:27 UTC] PHP Warning:  Constant GE_MODULE already defined in C:\laragon\www\wordpress\wp-content\plugins\GestionMasters\GestionMasters.php on line 11
[11-Sep-2025 17:30:27 Africa/Tunis] PHP Warning:  Undefined variable $email in C:\laragon\www\wordpress\wp-content\plugins\secure-login\includes\login-handler.php on line 4
[11-Sep-2025 16:30:27 UTC] PHP Warning:  Constant GE_MODULE already defined in C:\laragon\www\wordpress\wp-content\plugins\GestionMasters\GestionMasters.php on line 11
[11-Sep-2025 17:30:27 Africa/Tunis] PHP Warning:  Undefined variable $email in C:\laragon\www\wordpress\wp-content\plugins\secure-login\includes\login-handler.php on line 4
[11-Sep-2025 16:30:28 UTC] PHP Warning:  Constant GE_MODULE already defined in C:\laragon\www\wordpress\wp-content\plugins\GestionMasters\GestionMasters.php on line 11
[11-Sep-2025 17:30:29 Africa/Tunis] PHP Warning:  Undefined variable $email in C:\laragon\www\wordpress\wp-content\plugins\secure-login\includes\login-handler.php on line 4
[11-Sep-2025 17:30:32 Africa/Tunis] PHP Fatal error:  Uncaught RuntimeException: Unable to release actions from claim id 0. in C:\laragon\www\wordpress\wp-content\plugins\ultimate-member\includes\lib\action-scheduler\classes\data-stores\ActionScheduler_DBStore.php:1128
Stack trace:
#0 C:\laragon\www\wordpress\wp-content\plugins\ultimate-member\includes\lib\action-scheduler\classes\ActionScheduler_QueueRunner.php(195): ActionScheduler_DBStore->release_claim(Object(ActionScheduler_ActionClaim))
#1 C:\laragon\www\wordpress\wp-content\plugins\ultimate-member\includes\lib\action-scheduler\classes\ActionScheduler_QueueRunner.php(158): ActionScheduler_QueueRunner->do_batch(25, 'WP Cron')
#2 C:\laragon\www\wordpress\wp-includes\class-wp-hook.php(324): ActionScheduler_QueueRunner->run('WP Cron')
#3 C:\laragon\www\wordpress\wp-includes\class-wp-hook.php(348): WP_Hook->apply_filters('', Array)
#4 C:\laragon\www\wordpress\wp-includes\plugin.php(565): WP_Hook->do_action(Array)
#5 C:\laragon\www\wordpress\wp-cron.php(191): do_action_ref_array('action_schedule...', Array)
#6 {main}
  thrown in C:\laragon\www\wordpress\wp-content\plugins\ultimate-member\includes\lib\action-scheduler\classes\data-stores\ActionScheduler_DBStore.php on line 1128
[11-Sep-2025 17:30:32 Africa/Tunis] PHP Fatal error:  Uncaught RuntimeException: Unable to release actions from claim id 0. in C:\laragon\www\wordpress\wp-content\plugins\ultimate-member\includes\lib\action-scheduler\classes\data-stores\ActionScheduler_DBStore.php:1128
Stack trace:
#0 C:\laragon\www\wordpress\wp-content\plugins\ultimate-member\includes\lib\action-scheduler\classes\ActionScheduler_FatalErrorMonitor.php(95): ActionScheduler_DBStore->release_claim(Object(ActionScheduler_ActionClaim))
#1 C:\laragon\www\wordpress\wp-includes\class-wp-hook.php(324): ActionScheduler_FatalErrorMonitor->handle_unexpected_shutdown('')
#2 C:\laragon\www\wordpress\wp-includes\class-wp-hook.php(348): WP_Hook->apply_filters(NULL, Array)
#3 C:\laragon\www\wordpress\wp-includes\plugin.php(517): WP_Hook->do_action(Array)
#4 C:\laragon\www\wordpress\wp-includes\load.php(1304): do_action('shutdown')
#5 [internal function]: shutdown_action_hook()
#6 {main}
  thrown in C:\laragon\www\wordpress\wp-content\plugins\ultimate-member\includes\lib\action-scheduler\classes\data-stores\ActionScheduler_DBStore.php on line 1128
[11-Sep-2025 16:30:32 UTC] PHP Warning:  Constant GE_MODULE already defined in C:\laragon\www\wordpress\wp-content\plugins\GestionMasters\GestionMasters.php on line 11
[11-Sep-2025 17:30:33 Africa/Tunis] PHP Warning:  Undefined variable $email in C:\laragon\www\wordpress\wp-content\plugins\secure-login\includes\login-handler.php on line 4
[11-Sep-2025 17:30:33 Africa/Tunis] PHP Deprecated:  strpos(): Passing null to parameter #1 ($haystack) of type string is deprecated in C:\laragon\www\wordpress\wp-includes\functions.php on line 7360
[11-Sep-2025 17:30:33 Africa/Tunis] PHP Deprecated:  str_replace(): Passing null to parameter #3 ($subject) of type array|string is deprecated in C:\laragon\www\wordpress\wp-includes\functions.php on line 2195
[11-Sep-2025 16:30:33 UTC] PHP Warning:  Constant GE_MODULE already defined in C:\laragon\www\wordpress\wp-content\plugins\GestionMasters\GestionMasters.php on line 11
[11-Sep-2025 17:30:34 Africa/Tunis] PHP Warning:  Undefined variable $email in C:\laragon\www\wordpress\wp-content\plugins\secure-login\includes\login-handler.php on line 4
[11-Sep-2025 17:30:34 Africa/Tunis] PHP Fatal error:  Uncaught RuntimeException: Unable to release actions from claim id 0. in C:\laragon\www\wordpress\wp-content\plugins\ultimate-member\includes\lib\action-scheduler\classes\data-stores\ActionScheduler_DBStore.php:1128
Stack trace:
#0 C:\laragon\www\wordpress\wp-content\plugins\ultimate-member\includes\lib\action-scheduler\classes\ActionScheduler_QueueRunner.php(195): ActionScheduler_DBStore->release_claim(Object(ActionScheduler_ActionClaim))
#1 C:\laragon\www\wordpress\wp-content\plugins\ultimate-member\includes\lib\action-scheduler\classes\ActionScheduler_QueueRunner.php(158): ActionScheduler_QueueRunner->do_batch(25, 'Async Request')
#2 C:\laragon\www\wordpress\wp-includes\class-wp-hook.php(324): ActionScheduler_QueueRunner->run('Async Request')
#3 C:\laragon\www\wordpress\wp-includes\class-wp-hook.php(348): WP_Hook->apply_filters('', Array)
#4 C:\laragon\www\wordpress\wp-includes\plugin.php(517): WP_Hook->do_action(Array)
#5 C:\laragon\www\wordpress\wp-content\plugins\ultimate-member\includes\lib\action-scheduler\classes\ActionScheduler_AsyncRequest_QueueRunner.php(48): do_action('action_schedule...', 'Async Request')
#6 C:\laragon\www\wordpress\wp-content\plugins\ultimate-member\includes\lib\action-scheduler\lib\WP_Async_Request.php(174): ActionScheduler_AsyncRequest_QueueRunner->handle()
#7 C:\laragon\www\wordpress\wp-includes\class-wp-hook.php(324): WP_Async_Request->maybe_handle('')
#8 C:\laragon\www\wordpress\wp-includes\class-wp-hook.php(348): WP_Hook->apply_filters('', Array)
#9 C:\laragon\www\wordpress\wp-includes\plugin.php(517): WP_Hook->do_action(Array)
#10 C:\laragon\www\wordpress\wp-admin\admin-ajax.php(192): do_action('wp_ajax_as_asyn...')
#11 {main}
  thrown in C:\laragon\www\wordpress\wp-content\plugins\ultimate-member\includes\lib\action-scheduler\classes\data-stores\ActionScheduler_DBStore.php on line 1128
[11-Sep-2025 17:30:34 Africa/Tunis] PHP Fatal error:  Uncaught RuntimeException: Unable to release actions from claim id 0. in C:\laragon\www\wordpress\wp-content\plugins\ultimate-member\includes\lib\action-scheduler\classes\data-stores\ActionScheduler_DBStore.php:1128
Stack trace:
#0 C:\laragon\www\wordpress\wp-content\plugins\ultimate-member\includes\lib\action-scheduler\classes\ActionScheduler_FatalErrorMonitor.php(95): ActionScheduler_DBStore->release_claim(Object(ActionScheduler_ActionClaim))
#1 C:\laragon\www\wordpress\wp-includes\class-wp-hook.php(324): ActionScheduler_FatalErrorMonitor->handle_unexpected_shutdown('')
#2 C:\laragon\www\wordpress\wp-includes\class-wp-hook.php(348): WP_Hook->apply_filters(NULL, Array)
#3 C:\laragon\www\wordpress\wp-includes\plugin.php(517): WP_Hook->do_action(Array)
#4 C:\laragon\www\wordpress\wp-includes\load.php(1304): do_action('shutdown')
#5 [internal function]: shutdown_action_hook()
#6 {main}
  thrown in C:\laragon\www\wordpress\wp-content\plugins\ultimate-member\includes\lib\action-scheduler\classes\data-stores\ActionScheduler_DBStore.php on line 1128
[11-Sep-2025 16:30:36 UTC] PHP Warning:  Constant GE_MODULE already defined in C:\laragon\www\wordpress\wp-content\plugins\GestionMasters\GestionMasters.php on line 11
[11-Sep-2025 17:30:36 Africa/Tunis] PHP Warning:  Undefined variable $email in C:\laragon\www\wordpress\wp-content\plugins\secure-login\includes\login-handler.php on line 4
[11-Sep-2025 17:30:36 Africa/Tunis] PHP Deprecated:  strpos(): Passing null to parameter #1 ($haystack) of type string is deprecated in C:\laragon\www\wordpress\wp-includes\functions.php on line 7360
[11-Sep-2025 17:30:36 Africa/Tunis] PHP Deprecated:  str_replace(): Passing null to parameter #3 ($subject) of type array|string is deprecated in C:\laragon\www\wordpress\wp-includes\functions.php on line 2195
[11-Sep-2025 16:30:37 UTC] PHP Warning:  Constant GE_MODULE already defined in C:\laragon\www\wordpress\wp-content\plugins\GestionMasters\GestionMasters.php on line 11
[11-Sep-2025 17:30:37 Africa/Tunis] PHP Warning:  Undefined variable $email in C:\laragon\www\wordpress\wp-content\plugins\secure-login\includes\login-handler.php on line 4
[11-Sep-2025 16:30:42 UTC] PHP Warning:  Constant GE_MODULE already defined in C:\laragon\www\wordpress\wp-content\plugins\GestionMasters\GestionMasters.php on line 11
[11-Sep-2025 17:30:42 Africa/Tunis] PHP Warning:  Undefined variable $email in C:\laragon\www\wordpress\wp-content\plugins\secure-login\includes\login-handler.php on line 4
[11-Sep-2025 17:30:42 Africa/Tunis] PHP Deprecated:  strpos(): Passing null to parameter #1 ($haystack) of type string is deprecated in C:\laragon\www\wordpress\wp-includes\functions.php on line 7360
[11-Sep-2025 17:30:42 Africa/Tunis] PHP Deprecated:  str_replace(): Passing null to parameter #3 ($subject) of type array|string is deprecated in C:\laragon\www\wordpress\wp-includes\functions.php on line 2195
[11-Sep-2025 16:30:43 UTC] PHP Warning:  Constant GE_MODULE already defined in C:\laragon\www\wordpress\wp-content\plugins\GestionMasters\GestionMasters.php on line 11
[11-Sep-2025 17:30:43 Africa/Tunis] PHP Warning:  Undefined variable $email in C:\laragon\www\wordpress\wp-content\plugins\secure-login\includes\login-handler.php on line 4
[11-Sep-2025 16:30:45 UTC] PHP Warning:  Constant GE_MODULE already defined in C:\laragon\www\wordpress\wp-content\plugins\GestionMasters\GestionMasters.php on line 11
[11-Sep-2025 17:30:45 Africa/Tunis] PHP Warning:  Undefined variable $email in C:\laragon\www\wordpress\wp-content\plugins\secure-login\includes\login-handler.php on line 4
[11-Sep-2025 17:30:45 Africa/Tunis] PHP Deprecated:  strpos(): Passing null to parameter #1 ($haystack) of type string is deprecated in C:\laragon\www\wordpress\wp-includes\functions.php on line 7360
[11-Sep-2025 17:30:45 Africa/Tunis] PHP Deprecated:  str_replace(): Passing null to parameter #3 ($subject) of type array|string is deprecated in C:\laragon\www\wordpress\wp-includes\functions.php on line 2195
[11-Sep-2025 17:30:45 Africa/Tunis] PHP Notice:  La fonction WP_List_Util::pluck a été appelée de façon <strong>incorrecte</strong>. Les valeurs du tableau fourni doivent être soit des objets soit des tableaux. Veuillez lire <a href="https://developer.wordpress.org/advanced-administration/debug/debug-wordpress/">Débogage dans WordPress</a> (en) pour plus d’informations. (Ce message a été ajouté à la version 6.2.0.) in C:\laragon\www\wordpress\wp-includes\functions.php on line 6121
[11-Sep-2025 17:30:45 Africa/Tunis] PHP Warning:  Attempt to read property "ID" on null in C:\laragon\www\wordpress\wp-includes\post.php on line 7611
[11-Sep-2025 17:30:45 Africa/Tunis] PHP Notice:  La fonction WP_Object_Cache::add a été appelée de façon <strong>incorrecte</strong>. La clé du cache ne doit pas être une chaîne vide. Veuillez lire <a href="https://developer.wordpress.org/advanced-administration/debug/debug-wordpress/">Débogage dans WordPress</a> (en) pour plus d’informations. (Ce message a été ajouté à la version 6.1.0.) in C:\laragon\www\wordpress\wp-includes\functions.php on line 6121
[11-Sep-2025 17:30:45 Africa/Tunis] PHP Warning:  Attempt to read property "ID" on null in C:\laragon\www\wordpress\wp-includes\post.php on line 7698
[11-Sep-2025 17:30:45 Africa/Tunis] PHP Warning:  Attempt to read property "ID" on null in C:\laragon\www\wordpress\wp-admin\includes\class-wp-posts-list-table.php on line 830
[11-Sep-2025 17:30:45 Africa/Tunis] PHP Notice:  La fonction WP_List_Util::pluck a été appelée de façon <strong>incorrecte</strong>. Les valeurs du tableau fourni doivent être soit des objets soit des tableaux. Veuillez lire <a href="https://developer.wordpress.org/advanced-administration/debug/debug-wordpress/">Débogage dans WordPress</a> (en) pour plus d’informations. (Ce message a été ajouté à la version 6.2.0.) in C:\laragon\www\wordpress\wp-includes\functions.php on line 6121
[11-Sep-2025 17:30:45 Africa/Tunis] PHP Warning:  Attempt to read property "post_author" on null in C:\laragon\www\wordpress\wp-admin\includes\class-wp-posts-list-table.php on line 1428
[11-Sep-2025 17:30:45 Africa/Tunis] PHP Warning:  Attempt to read property "ID" on null in C:\laragon\www\wordpress\wp-admin\includes\class-wp-posts-list-table.php on line 1430
[11-Sep-2025 17:30:45 Africa/Tunis] PHP Warning:  Attempt to read property "post_parent" on null in C:\laragon\www\wordpress\wp-admin\includes\class-wp-posts-list-table.php on line 1436
[11-Sep-2025 17:30:45 Africa/Tunis] PHP Warning:  Attempt to read property "ID" on null in C:\laragon\www\wordpress\wp-admin\includes\class-wp-posts-list-table.php on line 1443
[11-Sep-2025 17:30:45 Africa/Tunis] PHP Warning:  Attempt to read property "ID" on null in C:\laragon\www\wordpress\wp-admin\includes\class-wp-posts-list-table.php on line 1443
[11-Sep-2025 17:30:45 Africa/Tunis] PHP Warning:  Attempt to read property "ID" on null in C:\laragon\www\wordpress\wp-admin\includes\class-wp-posts-list-table.php on line 1028
[11-Sep-2025 17:30:45 Africa/Tunis] PHP Notice:  La fonction map_meta_cap a été appelée de façon <strong>incorrecte</strong>. Lors de la vérification de la capacité <code>edit_post</code>, vous devez toujours la comparer avec une publication spécifique. Veuillez lire <a href="https://developer.wordpress.org/advanced-administration/debug/debug-wordpress/">Débogage dans WordPress</a> (en) pour plus d’informations. (Ce message a été ajouté à la version 6.1.0.) in C:\laragon\www\wordpress\wp-includes\functions.php on line 6121
[11-Sep-2025 17:30:45 Africa/Tunis] PHP Warning:  Attempt to read property "ID" on null in C:\laragon\www\wordpress\wp-admin\includes\class-wp-posts-list-table.php on line 1117
[11-Sep-2025 17:30:45 Africa/Tunis] PHP Notice:  La fonction map_meta_cap a été appelée de façon <strong>incorrecte</strong>. Lors de la vérification de la capacité <code>edit_post</code>, vous devez toujours la comparer avec une publication spécifique. Veuillez lire <a href="https://developer.wordpress.org/advanced-administration/debug/debug-wordpress/">Débogage dans WordPress</a> (en) pour plus d’informations. (Ce message a été ajouté à la version 6.1.0.) in C:\laragon\www\wordpress\wp-includes\functions.php on line 6121
[11-Sep-2025 17:30:45 Africa/Tunis] PHP Warning:  Attempt to read property "post_status" on null in C:\laragon\www\wordpress\wp-admin\includes\template.php on line 2298
[11-Sep-2025 17:30:45 Africa/Tunis] PHP Warning:  Attempt to read property "post_status" on null in C:\laragon\www\wordpress\wp-admin\includes\template.php on line 2302
[11-Sep-2025 17:30:45 Africa/Tunis] PHP Warning:  Attempt to read property "post_status" on null in C:\laragon\www\wordpress\wp-admin\includes\template.php on line 2308
[11-Sep-2025 17:30:45 Africa/Tunis] PHP Warning:  Attempt to read property "post_status" on null in C:\laragon\www\wordpress\wp-admin\includes\template.php on line 2312
[11-Sep-2025 17:30:45 Africa/Tunis] PHP Warning:  Attempt to read property "ID" on null in C:\laragon\www\wordpress\wp-admin\includes\template.php on line 2316
[11-Sep-2025 17:30:45 Africa/Tunis] PHP Warning:  Attempt to read property "post_status" on null in C:\laragon\www\wordpress\wp-admin\includes\template.php on line 2320
[11-Sep-2025 17:30:45 Africa/Tunis] PHP Warning:  Attempt to read property "ID" on null in C:\laragon\www\wordpress\wp-admin\includes\template.php on line 2325
[11-Sep-2025 17:30:45 Africa/Tunis] PHP Warning:  Attempt to read property "ID" on null in C:\laragon\www\wordpress\wp-admin\includes\template.php on line 2329
[11-Sep-2025 17:30:45 Africa/Tunis] PHP Warning:  Attempt to read property "ID" on null in C:\laragon\www\wordpress\wp-admin\includes\template.php on line 2334
[11-Sep-2025 17:30:45 Africa/Tunis] PHP Warning:  Attempt to read property "ID" on null in C:\laragon\www\wordpress\wp-content\plugins\ultimate-member\includes\admin\core\class-admin-columns.php on line 213
[11-Sep-2025 17:30:45 Africa/Tunis] PHP Warning:  Attempt to read property "ID" on null in C:\laragon\www\wordpress\wp-content\plugins\ultimate-member\includes\admin\core\class-admin-columns.php on line 213
[11-Sep-2025 17:30:45 Africa/Tunis] PHP Warning:  Attempt to read property "ID" on null in C:\laragon\www\wordpress\wp-content\plugins\ultimate-member\includes\admin\core\class-admin-columns.php on line 213
[11-Sep-2025 17:30:45 Africa/Tunis] PHP Warning:  Attempt to read property "ID" on null in C:\laragon\www\wordpress\wp-content\plugins\ultimate-member\includes\admin\core\class-admin-columns.php on line 213
[11-Sep-2025 17:30:45 Africa/Tunis] PHP Warning:  Attempt to read property "ID" on null in C:\laragon\www\wordpress\wp-content\plugins\ultimate-member\includes\admin\core\class-admin-columns.php on line 213
[11-Sep-2025 17:30:45 Africa/Tunis] PHP Warning:  Attempt to read property "ID" on null in C:\laragon\www\wordpress\wp-content\plugins\ultimate-member\includes\admin\core\class-admin-columns.php on line 213
[11-Sep-2025 17:30:45 Africa/Tunis] PHP Warning:  Attempt to read property "ID" on null in C:\laragon\www\wordpress\wp-content\plugins\ultimate-member\includes\admin\core\class-admin-columns.php on line 213
[11-Sep-2025 17:30:45 Africa/Tunis] PHP Warning:  Attempt to read property "post_type" on null in C:\laragon\www\wordpress\wp-admin\includes\class-wp-posts-list-table.php on line 1177
[11-Sep-2025 17:30:45 Africa/Tunis] PHP Warning:  Attempt to read property "post_type" on null in C:\laragon\www\wordpress\wp-admin\includes\template.php on line 312
[11-Sep-2025 17:30:45 Africa/Tunis] PHP Warning:  Attempt to read property "ID" on null in C:\laragon\www\wordpress\wp-admin\includes\template.php on line 313
[11-Sep-2025 17:30:45 Africa/Tunis] PHP Notice:  La fonction map_meta_cap a été appelée de façon <strong>incorrecte</strong>. Lors de la vérification de la capacité <code>edit_post</code>, vous devez toujours la comparer avec une publication spécifique. Veuillez lire <a href="https://developer.wordpress.org/advanced-administration/debug/debug-wordpress/">Débogage dans WordPress</a> (en) pour plus d’informations. (Ce message a été ajouté à la version 6.1.0.) in C:\laragon\www\wordpress\wp-includes\functions.php on line 6121
[11-Sep-2025 17:30:45 Africa/Tunis] PHP Warning:  Attempt to read property "post_type" on null in C:\laragon\www\wordpress\wp-admin\includes\class-wp-posts-list-table.php on line 1481
[11-Sep-2025 17:30:45 Africa/Tunis] PHP Warning:  Attempt to read property "ID" on null in C:\laragon\www\wordpress\wp-admin\includes\class-wp-posts-list-table.php on line 1482
[11-Sep-2025 17:30:45 Africa/Tunis] PHP Notice:  La fonction map_meta_cap a été appelée de façon <strong>incorrecte</strong>. Lors de la vérification de la capacité <code>edit_post</code>, vous devez toujours la comparer avec une publication spécifique. Veuillez lire <a href="https://developer.wordpress.org/advanced-administration/debug/debug-wordpress/">Débogage dans WordPress</a> (en) pour plus d’informations. (Ce message a été ajouté à la version 6.1.0.) in C:\laragon\www\wordpress\wp-includes\functions.php on line 6121
[11-Sep-2025 17:30:45 Africa/Tunis] PHP Warning:  Attempt to read property "ID" on null in C:\laragon\www\wordpress\wp-admin\includes\class-wp-posts-list-table.php on line 1515
[11-Sep-2025 17:30:45 Africa/Tunis] PHP Notice:  La fonction map_meta_cap a été appelée de façon <strong>incorrecte</strong>. Lors de la vérification de la capacité <code>delete_post</code>, vous devez toujours la comparer avec une publication spécifique. Veuillez lire <a href="https://developer.wordpress.org/advanced-administration/debug/debug-wordpress/">Débogage dans WordPress</a> (en) pour plus d’informations. (Ce message a été ajouté à la version 6.1.0.) in C:\laragon\www\wordpress\wp-includes\functions.php on line 6121
[11-Sep-2025 17:30:45 Africa/Tunis] PHP Warning:  Attempt to read property "post_type" on null in C:\laragon\www\wordpress\wp-admin\includes\class-wp-posts-list-table.php on line 1568
[11-Sep-2025 17:30:45 Africa/Tunis] PHP Warning:  Attempt to read property "post_type" on null in C:\laragon\www\wordpress\wp-admin\includes\class-wp-posts-list-table.php on line 1578
[11-Sep-2025 17:30:45 Africa/Tunis] PHP Warning:  Attempt to read property "post_type" on null in C:\laragon\www\wordpress\wp-content\plugins\duplicate-page\duplicatepage.php on line 254
[11-Sep-2025 17:30:45 Africa/Tunis] PHP Warning:  Attempt to read property "post_type" on null in C:\laragon\www\wordpress\wp-content\plugins\ultimate-member\includes\admin\core\class-admin-columns.php on line 53
[11-Sep-2025 17:30:45 Africa/Tunis] PHP Warning:  Attempt to read property "post_type" on null in C:\laragon\www\wordpress\wp-content\plugins\ultimate-member\includes\admin\core\class-admin-columns.php on line 70
[11-Sep-2025 17:30:45 Africa/Tunis] PHP Warning:  Attempt to read property "ID" on null in C:\laragon\www\wordpress\wp-admin\includes\class-wp-posts-list-table.php on line 1268
[11-Sep-2025 17:30:45 Africa/Tunis] PHP Warning:  Attempt to read property "ID" on null in C:\laragon\www\wordpress\wp-admin\includes\class-wp-posts-list-table.php on line 1270
[11-Sep-2025 17:30:45 Africa/Tunis] PHP Warning:  Attempt to read property "post_date" on null in C:\laragon\www\wordpress\wp-admin\includes\class-wp-posts-list-table.php on line 1196
[11-Sep-2025 17:30:45 Africa/Tunis] PHP Warning:  Attempt to read property "post_status" on null in C:\laragon\www\wordpress\wp-admin\includes\class-wp-posts-list-table.php on line 1213
[11-Sep-2025 17:30:45 Africa/Tunis] PHP Warning:  Attempt to read property "post_status" on null in C:\laragon\www\wordpress\wp-admin\includes\class-wp-posts-list-table.php on line 1215
[11-Sep-2025 17:30:45 Africa/Tunis] PHP Warning:  Attempt to read property "post_status" on null in C:\laragon\www\wordpress\wp-admin\includes\template.php on line 812
[11-Sep-2025 17:30:45 Africa/Tunis] PHP Warning:  Attempt to read property "post_date" on null in C:\laragon\www\wordpress\wp-admin\includes\template.php on line 823
[11-Sep-2025 16:30:46 UTC] PHP Warning:  Constant GE_MODULE already defined in C:\laragon\www\wordpress\wp-content\plugins\GestionMasters\GestionMasters.php on line 11
[11-Sep-2025 17:30:46 Africa/Tunis] PHP Warning:  Undefined variable $email in C:\laragon\www\wordpress\wp-content\plugins\secure-login\includes\login-handler.php on line 4
[11-Sep-2025 16:30:49 UTC] PHP Warning:  Constant GE_MODULE already defined in C:\laragon\www\wordpress\wp-content\plugins\GestionMasters\GestionMasters.php on line 11
[11-Sep-2025 17:30:49 Africa/Tunis] PHP Warning:  Undefined variable $email in C:\laragon\www\wordpress\wp-content\plugins\secure-login\includes\login-handler.php on line 4
[11-Sep-2025 17:30:49 Africa/Tunis] PHP Deprecated:  strpos(): Passing null to parameter #1 ($haystack) of type string is deprecated in C:\laragon\www\wordpress\wp-includes\functions.php on line 7360
[11-Sep-2025 17:30:49 Africa/Tunis] PHP Deprecated:  str_replace(): Passing null to parameter #3 ($subject) of type array|string is deprecated in C:\laragon\www\wordpress\wp-includes\functions.php on line 2195
[11-Sep-2025 16:30:50 UTC] PHP Warning:  Constant GE_MODULE already defined in C:\laragon\www\wordpress\wp-content\plugins\GestionMasters\GestionMasters.php on line 11
[11-Sep-2025 17:30:50 Africa/Tunis] PHP Warning:  Undefined variable $email in C:\laragon\www\wordpress\wp-content\plugins\secure-login\includes\login-handler.php on line 4
[11-Sep-2025 16:30:51 UTC] PHP Warning:  Constant GE_MODULE already defined in C:\laragon\www\wordpress\wp-content\plugins\GestionMasters\GestionMasters.php on line 11
[11-Sep-2025 17:30:51 Africa/Tunis] PHP Warning:  Undefined variable $email in C:\laragon\www\wordpress\wp-content\plugins\secure-login\includes\login-handler.php on line 4
[11-Sep-2025 17:30:51 Africa/Tunis] PHP Deprecated:  strpos(): Passing null to parameter #1 ($haystack) of type string is deprecated in C:\laragon\www\wordpress\wp-includes\functions.php on line 7360
[11-Sep-2025 17:30:51 Africa/Tunis] PHP Deprecated:  str_replace(): Passing null to parameter #3 ($subject) of type array|string is deprecated in C:\laragon\www\wordpress\wp-includes\functions.php on line 2195
[11-Sep-2025 17:30:51 Africa/Tunis] WordPress database error Duplicate entry '0' for key 'utm_posts.PRIMARY' for query INSERT INTO `utm_posts` (`post_author`, `post_date`, `post_date_gmt`, `post_content`, `post_content_filtered`, `post_title`, `post_excerpt`, `post_status`, `post_type`, `comment_status`, `ping_status`, `post_password`, `post_name`, `to_ping`, `pinged`, `post_modified`, `post_modified_gmt`, `post_parent`, `menu_order`, `post_mime_type`, `guid`) VALUES (1, '2025-09-11 18:30:51', '0000-00-00 00:00:00', '', '', 'Brouillon auto', '', 'auto-draft', 'page', 'closed', 'closed', '', '', '', '', '2025-09-11 18:30:51', '0000-00-00 00:00:00', 0, 0, '', '') made by get_default_post_to_edit, wp_insert_post
[11-Sep-2025 17:30:51 Africa/Tunis] PHP Warning:  Attempt to read property "post_type" on null in C:\laragon\www\wordpress\wp-admin\includes\post.php on line 775
[11-Sep-2025 17:30:51 Africa/Tunis] PHP Fatal error:  Uncaught Error: Attempt to assign property "post_content" on null in C:\laragon\www\wordpress\wp-admin\includes\post.php:814
Stack trace:
#0 C:\laragon\www\wordpress\wp-admin\post-new.php(66): get_default_post_to_edit('page', true)
#1 {main}
  thrown in C:\laragon\www\wordpress\wp-admin\includes\post.php on line 814
[11-Sep-2025 16:30:58 UTC] PHP Warning:  Constant GE_MODULE already defined in C:\laragon\www\wordpress\wp-content\plugins\GestionMasters\GestionMasters.php on line 11
[11-Sep-2025 17:30:58 Africa/Tunis] PHP Warning:  Undefined variable $email in C:\laragon\www\wordpress\wp-content\plugins\secure-login\includes\login-handler.php on line 4
[11-Sep-2025 17:30:58 Africa/Tunis] PHP Deprecated:  strpos(): Passing null to parameter #1 ($haystack) of type string is deprecated in C:\laragon\www\wordpress\wp-includes\functions.php on line 7360
[11-Sep-2025 17:30:58 Africa/Tunis] PHP Deprecated:  str_replace(): Passing null to parameter #3 ($subject) of type array|string is deprecated in C:\laragon\www\wordpress\wp-includes\functions.php on line 2195
[11-Sep-2025 17:30:58 Africa/Tunis] WordPress database error Duplicate entry '0' for key 'utm_posts.PRIMARY' for query INSERT INTO `utm_posts` (`post_author`, `post_date`, `post_date_gmt`, `post_content`, `post_content_filtered`, `post_title`, `post_excerpt`, `post_status`, `post_type`, `comment_status`, `ping_status`, `post_password`, `post_name`, `to_ping`, `pinged`, `post_modified`, `post_modified_gmt`, `post_parent`, `menu_order`, `post_mime_type`, `guid`) VALUES (1, '2025-09-11 18:30:58', '0000-00-00 00:00:00', '', '', 'Brouillon auto', '', 'auto-draft', 'page', 'closed', 'closed', '', '', '', '', '2025-09-11 18:30:58', '0000-00-00 00:00:00', 0, 0, '', '') made by get_default_post_to_edit, wp_insert_post
[11-Sep-2025 17:30:58 Africa/Tunis] PHP Warning:  Attempt to read property "post_type" on null in C:\laragon\www\wordpress\wp-admin\includes\post.php on line 775
[11-Sep-2025 17:30:58 Africa/Tunis] PHP Fatal error:  Uncaught Error: Attempt to assign property "post_content" on null in C:\laragon\www\wordpress\wp-admin\includes\post.php:814
Stack trace:
#0 C:\laragon\www\wordpress\wp-admin\post-new.php(66): get_default_post_to_edit('page', true)
#1 {main}
  thrown in C:\laragon\www\wordpress\wp-admin\includes\post.php on line 814
[11-Sep-2025 16:30:58 UTC] PHP Warning:  Constant GE_MODULE already defined in C:\laragon\www\wordpress\wp-content\plugins\GestionMasters\GestionMasters.php on line 11
[11-Sep-2025 17:30:59 Africa/Tunis] PHP Warning:  Undefined variable $email in C:\laragon\www\wordpress\wp-content\plugins\secure-login\includes\login-handler.php on line 4
[11-Sep-2025 16:31:00 UTC] PHP Warning:  Constant GE_MODULE already defined in C:\laragon\www\wordpress\wp-content\plugins\GestionMasters\GestionMasters.php on line 11
[11-Sep-2025 17:31:00 Africa/Tunis] PHP Warning:  Undefined variable $email in C:\laragon\www\wordpress\wp-content\plugins\secure-login\includes\login-handler.php on line 4
[11-Sep-2025 17:31:00 Africa/Tunis] PHP Deprecated:  strpos(): Passing null to parameter #1 ($haystack) of type string is deprecated in C:\laragon\www\wordpress\wp-includes\functions.php on line 7360
[11-Sep-2025 17:31:00 Africa/Tunis] PHP Deprecated:  str_replace(): Passing null to parameter #3 ($subject) of type array|string is deprecated in C:\laragon\www\wordpress\wp-includes\functions.php on line 2195
[11-Sep-2025 16:31:00 UTC] PHP Warning:  Constant GE_MODULE already defined in C:\laragon\www\wordpress\wp-content\plugins\GestionMasters\GestionMasters.php on line 11
[11-Sep-2025 17:31:00 Africa/Tunis] PHP Warning:  Undefined variable $email in C:\laragon\www\wordpress\wp-content\plugins\secure-login\includes\login-handler.php on line 4
[11-Sep-2025 16:31:03 UTC] PHP Warning:  Constant GE_MODULE already defined in C:\laragon\www\wordpress\wp-content\plugins\GestionMasters\GestionMasters.php on line 11
[11-Sep-2025 17:31:04 Africa/Tunis] PHP Warning:  Undefined variable $email in C:\laragon\www\wordpress\wp-content\plugins\secure-login\includes\login-handler.php on line 4
[11-Sep-2025 16:31:04 UTC] PHP Warning:  Constant GE_MODULE already defined in C:\laragon\www\wordpress\wp-content\plugins\GestionMasters\GestionMasters.php on line 11
[11-Sep-2025 17:31:04 Africa/Tunis] PHP Warning:  Undefined variable $email in C:\laragon\www\wordpress\wp-content\plugins\secure-login\includes\login-handler.php on line 4
[11-Sep-2025 16:31:10 UTC] PHP Warning:  Constant GE_MODULE already defined in C:\laragon\www\wordpress\wp-content\plugins\GestionMasters\GestionMasters.php on line 11
[11-Sep-2025 17:31:10 Africa/Tunis] PHP Warning:  Undefined variable $email in C:\laragon\www\wordpress\wp-content\plugins\secure-login\includes\login-handler.php on line 4
[11-Sep-2025 16:31:10 UTC] PHP Warning:  Constant GE_MODULE already defined in C:\laragon\www\wordpress\wp-content\plugins\GestionMasters\GestionMasters.php on line 11
[11-Sep-2025 17:31:10 Africa/Tunis] PHP Warning:  Undefined variable $email in C:\laragon\www\wordpress\wp-content\plugins\secure-login\includes\login-handler.php on line 4
[11-Sep-2025 16:31:14 UTC] PHP Warning:  Constant GE_MODULE already defined in C:\laragon\www\wordpress\wp-content\plugins\GestionMasters\GestionMasters.php on line 11
[11-Sep-2025 17:31:14 Africa/Tunis] PHP Warning:  Undefined variable $email in C:\laragon\www\wordpress\wp-content\plugins\secure-login\includes\login-handler.php on line 4
[11-Sep-2025 16:31:14 UTC] PHP Warning:  Constant GE_MODULE already defined in C:\laragon\www\wordpress\wp-content\plugins\GestionMasters\GestionMasters.php on line 11
[11-Sep-2025 17:31:14 Africa/Tunis] PHP Warning:  Undefined variable $email in C:\laragon\www\wordpress\wp-content\plugins\secure-login\includes\login-handler.php on line 4
[11-Sep-2025 17:31:14 Africa/Tunis] PHP Deprecated:  strpos(): Passing null to parameter #1 ($haystack) of type string is deprecated in C:\laragon\www\wordpress\wp-includes\functions.php on line 7360
[11-Sep-2025 17:31:14 Africa/Tunis] PHP Deprecated:  str_replace(): Passing null to parameter #3 ($subject) of type array|string is deprecated in C:\laragon\www\wordpress\wp-includes\functions.php on line 2195
[11-Sep-2025 16:31:17 UTC] PHP Warning:  Constant GE_MODULE already defined in C:\laragon\www\wordpress\wp-content\plugins\GestionMasters\GestionMasters.php on line 11
[11-Sep-2025 17:31:17 Africa/Tunis] PHP Warning:  Undefined variable $email in C:\laragon\www\wordpress\wp-content\plugins\secure-login\includes\login-handler.php on line 4
[11-Sep-2025 17:31:17 Africa/Tunis] PHP Deprecated:  strpos(): Passing null to parameter #1 ($haystack) of type string is deprecated in C:\laragon\www\wordpress\wp-includes\functions.php on line 7360
[11-Sep-2025 17:31:17 Africa/Tunis] PHP Deprecated:  str_replace(): Passing null to parameter #3 ($subject) of type array|string is deprecated in C:\laragon\www\wordpress\wp-includes\functions.php on line 2195
[11-Sep-2025 16:31:17 UTC] PHP Warning:  Constant GE_MODULE already defined in C:\laragon\www\wordpress\wp-content\plugins\GestionMasters\GestionMasters.php on line 11
[11-Sep-2025 17:31:18 Africa/Tunis] PHP Warning:  Undefined variable $email in C:\laragon\www\wordpress\wp-content\plugins\secure-login\includes\login-handler.php on line 4
[11-Sep-2025 16:31:22 UTC] PHP Warning:  Constant GE_MODULE already defined in C:\laragon\www\wordpress\wp-content\plugins\GestionMasters\GestionMasters.php on line 11
[11-Sep-2025 17:31:22 Africa/Tunis] PHP Warning:  Undefined variable $email in C:\laragon\www\wordpress\wp-content\plugins\secure-login\includes\login-handler.php on line 4
[11-Sep-2025 17:31:22 Africa/Tunis] PHP Deprecated:  strpos(): Passing null to parameter #1 ($haystack) of type string is deprecated in C:\laragon\www\wordpress\wp-includes\functions.php on line 7360
[11-Sep-2025 17:31:22 Africa/Tunis] PHP Deprecated:  str_replace(): Passing null to parameter #3 ($subject) of type array|string is deprecated in C:\laragon\www\wordpress\wp-includes\functions.php on line 2195
[11-Sep-2025 17:31:22 Africa/Tunis] PHP Notice:  La fonction WP_List_Util::pluck a été appelée de façon <strong>incorrecte</strong>. Les valeurs du tableau fourni doivent être soit des objets soit des tableaux. Veuillez lire <a href="https://developer.wordpress.org/advanced-administration/debug/debug-wordpress/">Débogage dans WordPress</a> (en) pour plus d’informations. (Ce message a été ajouté à la version 6.2.0.) in C:\laragon\www\wordpress\wp-includes\functions.php on line 6121
[11-Sep-2025 17:31:22 Africa/Tunis] PHP Warning:  Attempt to read property "ID" on null in C:\laragon\www\wordpress\wp-includes\post.php on line 7611
[11-Sep-2025 17:31:22 Africa/Tunis] PHP Notice:  La fonction WP_Object_Cache::add a été appelée de façon <strong>incorrecte</strong>. La clé du cache ne doit pas être une chaîne vide. Veuillez lire <a href="https://developer.wordpress.org/advanced-administration/debug/debug-wordpress/">Débogage dans WordPress</a> (en) pour plus d’informations. (Ce message a été ajouté à la version 6.1.0.) in C:\laragon\www\wordpress\wp-includes\functions.php on line 6121
[11-Sep-2025 17:31:22 Africa/Tunis] PHP Warning:  Attempt to read property "ID" on null in C:\laragon\www\wordpress\wp-includes\post.php on line 7698
[11-Sep-2025 17:31:22 Africa/Tunis] PHP Warning:  Attempt to read property "ID" on null in C:\laragon\www\wordpress\wp-admin\includes\class-wp-posts-list-table.php on line 830
[11-Sep-2025 17:31:22 Africa/Tunis] PHP Notice:  La fonction WP_List_Util::pluck a été appelée de façon <strong>incorrecte</strong>. Les valeurs du tableau fourni doivent être soit des objets soit des tableaux. Veuillez lire <a href="https://developer.wordpress.org/advanced-administration/debug/debug-wordpress/">Débogage dans WordPress</a> (en) pour plus d’informations. (Ce message a été ajouté à la version 6.2.0.) in C:\laragon\www\wordpress\wp-includes\functions.php on line 6121
[11-Sep-2025 17:31:22 Africa/Tunis] PHP Warning:  Attempt to read property "post_author" on null in C:\laragon\www\wordpress\wp-admin\includes\class-wp-posts-list-table.php on line 1428
[11-Sep-2025 17:31:22 Africa/Tunis] PHP Warning:  Attempt to read property "ID" on null in C:\laragon\www\wordpress\wp-admin\includes\class-wp-posts-list-table.php on line 1430
[11-Sep-2025 17:31:22 Africa/Tunis] PHP Warning:  Attempt to read property "post_parent" on null in C:\laragon\www\wordpress\wp-admin\includes\class-wp-posts-list-table.php on line 1436
[11-Sep-2025 17:31:22 Africa/Tunis] PHP Warning:  Attempt to read property "ID" on null in C:\laragon\www\wordpress\wp-admin\includes\class-wp-posts-list-table.php on line 1443
[11-Sep-2025 17:31:22 Africa/Tunis] PHP Warning:  Attempt to read property "ID" on null in C:\laragon\www\wordpress\wp-admin\includes\class-wp-posts-list-table.php on line 1443
[11-Sep-2025 17:31:22 Africa/Tunis] PHP Warning:  Attempt to read property "ID" on null in C:\laragon\www\wordpress\wp-admin\includes\class-wp-posts-list-table.php on line 1028
[11-Sep-2025 17:31:22 Africa/Tunis] PHP Notice:  La fonction map_meta_cap a été appelée de façon <strong>incorrecte</strong>. Lors de la vérification de la capacité <code>edit_post</code>, vous devez toujours la comparer avec une publication spécifique. Veuillez lire <a href="https://developer.wordpress.org/advanced-administration/debug/debug-wordpress/">Débogage dans WordPress</a> (en) pour plus d’informations. (Ce message a été ajouté à la version 6.1.0.) in C:\laragon\www\wordpress\wp-includes\functions.php on line 6121
[11-Sep-2025 17:31:22 Africa/Tunis] PHP Warning:  Attempt to read property "ID" on null in C:\laragon\www\wordpress\wp-admin\includes\class-wp-posts-list-table.php on line 1117
[11-Sep-2025 17:31:22 Africa/Tunis] PHP Notice:  La fonction map_meta_cap a été appelée de façon <strong>incorrecte</strong>. Lors de la vérification de la capacité <code>edit_post</code>, vous devez toujours la comparer avec une publication spécifique. Veuillez lire <a href="https://developer.wordpress.org/advanced-administration/debug/debug-wordpress/">Débogage dans WordPress</a> (en) pour plus d’informations. (Ce message a été ajouté à la version 6.1.0.) in C:\laragon\www\wordpress\wp-includes\functions.php on line 6121
[11-Sep-2025 17:31:22 Africa/Tunis] PHP Warning:  Attempt to read property "post_status" on null in C:\laragon\www\wordpress\wp-admin\includes\template.php on line 2298
[11-Sep-2025 17:31:22 Africa/Tunis] PHP Warning:  Attempt to read property "post_status" on null in C:\laragon\www\wordpress\wp-admin\includes\template.php on line 2302
[11-Sep-2025 17:31:22 Africa/Tunis] PHP Warning:  Attempt to read property "post_status" on null in C:\laragon\www\wordpress\wp-admin\includes\template.php on line 2308
[11-Sep-2025 17:31:22 Africa/Tunis] PHP Warning:  Attempt to read property "post_status" on null in C:\laragon\www\wordpress\wp-admin\includes\template.php on line 2312
[11-Sep-2025 17:31:22 Africa/Tunis] PHP Warning:  Attempt to read property "ID" on null in C:\laragon\www\wordpress\wp-admin\includes\template.php on line 2316
[11-Sep-2025 17:31:22 Africa/Tunis] PHP Warning:  Attempt to read property "post_status" on null in C:\laragon\www\wordpress\wp-admin\includes\template.php on line 2320
[11-Sep-2025 17:31:22 Africa/Tunis] PHP Warning:  Attempt to read property "ID" on null in C:\laragon\www\wordpress\wp-admin\includes\template.php on line 2325
[11-Sep-2025 17:31:22 Africa/Tunis] PHP Warning:  Attempt to read property "ID" on null in C:\laragon\www\wordpress\wp-admin\includes\template.php on line 2329
[11-Sep-2025 17:31:22 Africa/Tunis] PHP Warning:  Attempt to read property "ID" on null in C:\laragon\www\wordpress\wp-admin\includes\template.php on line 2334
[11-Sep-2025 17:31:22 Africa/Tunis] PHP Warning:  Attempt to read property "ID" on null in C:\laragon\www\wordpress\wp-content\plugins\ultimate-member\includes\admin\core\class-admin-columns.php on line 213
[11-Sep-2025 17:31:22 Africa/Tunis] PHP Warning:  Attempt to read property "ID" on null in C:\laragon\www\wordpress\wp-content\plugins\ultimate-member\includes\admin\core\class-admin-columns.php on line 213
[11-Sep-2025 17:31:22 Africa/Tunis] PHP Warning:  Attempt to read property "ID" on null in C:\laragon\www\wordpress\wp-content\plugins\ultimate-member\includes\admin\core\class-admin-columns.php on line 213
[11-Sep-2025 17:31:22 Africa/Tunis] PHP Warning:  Attempt to read property "ID" on null in C:\laragon\www\wordpress\wp-content\plugins\ultimate-member\includes\admin\core\class-admin-columns.php on line 213
[11-Sep-2025 17:31:22 Africa/Tunis] PHP Warning:  Attempt to read property "ID" on null in C:\laragon\www\wordpress\wp-content\plugins\ultimate-member\includes\admin\core\class-admin-columns.php on line 213
[11-Sep-2025 17:31:22 Africa/Tunis] PHP Warning:  Attempt to read property "ID" on null in C:\laragon\www\wordpress\wp-content\plugins\ultimate-member\includes\admin\core\class-admin-columns.php on line 213
[11-Sep-2025 17:31:22 Africa/Tunis] PHP Warning:  Attempt to read property "ID" on null in C:\laragon\www\wordpress\wp-content\plugins\ultimate-member\includes\admin\core\class-admin-columns.php on line 213
[11-Sep-2025 17:31:22 Africa/Tunis] PHP Warning:  Attempt to read property "post_type" on null in C:\laragon\www\wordpress\wp-admin\includes\class-wp-posts-list-table.php on line 1177
[11-Sep-2025 17:31:22 Africa/Tunis] PHP Warning:  Attempt to read property "post_type" on null in C:\laragon\www\wordpress\wp-admin\includes\template.php on line 312
[11-Sep-2025 17:31:22 Africa/Tunis] PHP Warning:  Attempt to read property "ID" on null in C:\laragon\www\wordpress\wp-admin\includes\template.php on line 313
[11-Sep-2025 17:31:22 Africa/Tunis] PHP Notice:  La fonction map_meta_cap a été appelée de façon <strong>incorrecte</strong>. Lors de la vérification de la capacité <code>edit_post</code>, vous devez toujours la comparer avec une publication spécifique. Veuillez lire <a href="https://developer.wordpress.org/advanced-administration/debug/debug-wordpress/">Débogage dans WordPress</a> (en) pour plus d’informations. (Ce message a été ajouté à la version 6.1.0.) in C:\laragon\www\wordpress\wp-includes\functions.php on line 6121
[11-Sep-2025 17:31:22 Africa/Tunis] PHP Warning:  Attempt to read property "post_type" on null in C:\laragon\www\wordpress\wp-admin\includes\class-wp-posts-list-table.php on line 1481
[11-Sep-2025 17:31:22 Africa/Tunis] PHP Warning:  Attempt to read property "ID" on null in C:\laragon\www\wordpress\wp-admin\includes\class-wp-posts-list-table.php on line 1482
[11-Sep-2025 17:31:22 Africa/Tunis] PHP Notice:  La fonction map_meta_cap a été appelée de façon <strong>incorrecte</strong>. Lors de la vérification de la capacité <code>edit_post</code>, vous devez toujours la comparer avec une publication spécifique. Veuillez lire <a href="https://developer.wordpress.org/advanced-administration/debug/debug-wordpress/">Débogage dans WordPress</a> (en) pour plus d’informations. (Ce message a été ajouté à la version 6.1.0.) in C:\laragon\www\wordpress\wp-includes\functions.php on line 6121
[11-Sep-2025 17:31:22 Africa/Tunis] PHP Warning:  Attempt to read property "ID" on null in C:\laragon\www\wordpress\wp-admin\includes\class-wp-posts-list-table.php on line 1515
[11-Sep-2025 17:31:22 Africa/Tunis] PHP Notice:  La fonction map_meta_cap a été appelée de façon <strong>incorrecte</strong>. Lors de la vérification de la capacité <code>delete_post</code>, vous devez toujours la comparer avec une publication spécifique. Veuillez lire <a href="https://developer.wordpress.org/advanced-administration/debug/debug-wordpress/">Débogage dans WordPress</a> (en) pour plus d’informations. (Ce message a été ajouté à la version 6.1.0.) in C:\laragon\www\wordpress\wp-includes\functions.php on line 6121
[11-Sep-2025 17:31:22 Africa/Tunis] PHP Warning:  Attempt to read property "post_type" on null in C:\laragon\www\wordpress\wp-admin\includes\class-wp-posts-list-table.php on line 1568
[11-Sep-2025 17:31:22 Africa/Tunis] PHP Warning:  Attempt to read property "post_type" on null in C:\laragon\www\wordpress\wp-admin\includes\class-wp-posts-list-table.php on line 1578
[11-Sep-2025 17:31:22 Africa/Tunis] PHP Warning:  Attempt to read property "post_type" on null in C:\laragon\www\wordpress\wp-content\plugins\duplicate-page\duplicatepage.php on line 254
[11-Sep-2025 17:31:22 Africa/Tunis] PHP Warning:  Attempt to read property "post_type" on null in C:\laragon\www\wordpress\wp-content\plugins\ultimate-member\includes\admin\core\class-admin-columns.php on line 53
[11-Sep-2025 17:31:22 Africa/Tunis] PHP Warning:  Attempt to read property "post_type" on null in C:\laragon\www\wordpress\wp-content\plugins\ultimate-member\includes\admin\core\class-admin-columns.php on line 70
[11-Sep-2025 17:31:22 Africa/Tunis] PHP Warning:  Attempt to read property "post_date" on null in C:\laragon\www\wordpress\wp-admin\includes\class-wp-posts-list-table.php on line 1196
[11-Sep-2025 17:31:22 Africa/Tunis] PHP Warning:  Attempt to read property "post_status" on null in C:\laragon\www\wordpress\wp-admin\includes\class-wp-posts-list-table.php on line 1213
[11-Sep-2025 17:31:22 Africa/Tunis] PHP Warning:  Attempt to read property "post_status" on null in C:\laragon\www\wordpress\wp-admin\includes\class-wp-posts-list-table.php on line 1215
[11-Sep-2025 17:31:22 Africa/Tunis] PHP Warning:  Attempt to read property "post_status" on null in C:\laragon\www\wordpress\wp-admin\includes\template.php on line 812
[11-Sep-2025 17:31:22 Africa/Tunis] PHP Warning:  Attempt to read property "post_date" on null in C:\laragon\www\wordpress\wp-admin\includes\template.php on line 823
[11-Sep-2025 16:31:23 UTC] PHP Warning:  Constant GE_MODULE already defined in C:\laragon\www\wordpress\wp-content\plugins\GestionMasters\GestionMasters.php on line 11
[11-Sep-2025 17:31:23 Africa/Tunis] PHP Warning:  Undefined variable $email in C:\laragon\www\wordpress\wp-content\plugins\secure-login\includes\login-handler.php on line 4
[11-Sep-2025 16:31:33 UTC] PHP Warning:  Constant GE_MODULE already defined in C:\laragon\www\wordpress\wp-content\plugins\GestionMasters\GestionMasters.php on line 11
[11-Sep-2025 17:31:33 Africa/Tunis] PHP Warning:  Undefined variable $email in C:\laragon\www\wordpress\wp-content\plugins\secure-login\includes\login-handler.php on line 4
[11-Sep-2025 16:31:33 UTC] PHP Warning:  Constant GE_MODULE already defined in C:\laragon\www\wordpress\wp-content\plugins\GestionMasters\GestionMasters.php on line 11
[11-Sep-2025 17:31:33 Africa/Tunis] PHP Warning:  Undefined variable $email in C:\laragon\www\wordpress\wp-content\plugins\secure-login\includes\login-handler.php on line 4
[11-Sep-2025 16:31:34 UTC] PHP Warning:  Constant GE_MODULE already defined in C:\laragon\www\wordpress\wp-content\plugins\GestionMasters\GestionMasters.php on line 11
[11-Sep-2025 17:31:35 Africa/Tunis] PHP Warning:  Undefined variable $email in C:\laragon\www\wordpress\wp-content\plugins\secure-login\includes\login-handler.php on line 4
[11-Sep-2025 17:31:38 Africa/Tunis] PHP Fatal error:  Uncaught RuntimeException: Unable to release actions from claim id 0. in C:\laragon\www\wordpress\wp-content\plugins\ultimate-member\includes\lib\action-scheduler\classes\data-stores\ActionScheduler_DBStore.php:1128
Stack trace:
#0 C:\laragon\www\wordpress\wp-content\plugins\ultimate-member\includes\lib\action-scheduler\classes\ActionScheduler_QueueRunner.php(195): ActionScheduler_DBStore->release_claim(Object(ActionScheduler_ActionClaim))
#1 C:\laragon\www\wordpress\wp-content\plugins\ultimate-member\includes\lib\action-scheduler\classes\ActionScheduler_QueueRunner.php(158): ActionScheduler_QueueRunner->do_batch(25, 'WP Cron')
#2 C:\laragon\www\wordpress\wp-includes\class-wp-hook.php(324): ActionScheduler_QueueRunner->run('WP Cron')
#3 C:\laragon\www\wordpress\wp-includes\class-wp-hook.php(348): WP_Hook->apply_filters('', Array)
#4 C:\laragon\www\wordpress\wp-includes\plugin.php(565): WP_Hook->do_action(Array)
#5 C:\laragon\www\wordpress\wp-cron.php(191): do_action_ref_array('action_schedule...', Array)
#6 {main}
  thrown in C:\laragon\www\wordpress\wp-content\plugins\ultimate-member\includes\lib\action-scheduler\classes\data-stores\ActionScheduler_DBStore.php on line 1128
[11-Sep-2025 17:31:38 Africa/Tunis] PHP Fatal error:  Uncaught RuntimeException: Unable to release actions from claim id 0. in C:\laragon\www\wordpress\wp-content\plugins\ultimate-member\includes\lib\action-scheduler\classes\data-stores\ActionScheduler_DBStore.php:1128
Stack trace:
#0 C:\laragon\www\wordpress\wp-content\plugins\ultimate-member\includes\lib\action-scheduler\classes\ActionScheduler_FatalErrorMonitor.php(95): ActionScheduler_DBStore->release_claim(Object(ActionScheduler_ActionClaim))
#1 C:\laragon\www\wordpress\wp-includes\class-wp-hook.php(324): ActionScheduler_FatalErrorMonitor->handle_unexpected_shutdown('')
#2 C:\laragon\www\wordpress\wp-includes\class-wp-hook.php(348): WP_Hook->apply_filters(NULL, Array)
#3 C:\laragon\www\wordpress\wp-includes\plugin.php(517): WP_Hook->do_action(Array)
#4 C:\laragon\www\wordpress\wp-includes\load.php(1304): do_action('shutdown')
#5 [internal function]: shutdown_action_hook()
#6 {main}
  thrown in C:\laragon\www\wordpress\wp-content\plugins\ultimate-member\includes\lib\action-scheduler\classes\data-stores\ActionScheduler_DBStore.php on line 1128
[11-Sep-2025 17:31:40 Africa/Tunis] PHP Fatal error:  Uncaught RuntimeException: Unable to release actions from claim id 0. in C:\laragon\www\wordpress\wp-content\plugins\ultimate-member\includes\lib\action-scheduler\classes\data-stores\ActionScheduler_DBStore.php:1128
Stack trace:
#0 C:\laragon\www\wordpress\wp-content\plugins\ultimate-member\includes\lib\action-scheduler\classes\ActionScheduler_QueueRunner.php(195): ActionScheduler_DBStore->release_claim(Object(ActionScheduler_ActionClaim))
#1 C:\laragon\www\wordpress\wp-content\plugins\ultimate-member\includes\lib\action-scheduler\classes\ActionScheduler_QueueRunner.php(158): ActionScheduler_QueueRunner->do_batch(25, 'Async Request')
#2 C:\laragon\www\wordpress\wp-includes\class-wp-hook.php(324): ActionScheduler_QueueRunner->run('Async Request')
#3 C:\laragon\www\wordpress\wp-includes\class-wp-hook.php(348): WP_Hook->apply_filters('', Array)
#4 C:\laragon\www\wordpress\wp-includes\plugin.php(517): WP_Hook->do_action(Array)
#5 C:\laragon\www\wordpress\wp-content\plugins\ultimate-member\includes\lib\action-scheduler\classes\ActionScheduler_AsyncRequest_QueueRunner.php(48): do_action('action_schedule...', 'Async Request')
#6 C:\laragon\www\wordpress\wp-content\plugins\ultimate-member\includes\lib\action-scheduler\lib\WP_Async_Request.php(174): ActionScheduler_AsyncRequest_QueueRunner->handle()
#7 C:\laragon\www\wordpress\wp-includes\class-wp-hook.php(324): WP_Async_Request->maybe_handle('')
#8 C:\laragon\www\wordpress\wp-includes\class-wp-hook.php(348): WP_Hook->apply_filters('', Array)
#9 C:\laragon\www\wordpress\wp-includes\plugin.php(517): WP_Hook->do_action(Array)
#10 C:\laragon\www\wordpress\wp-admin\admin-ajax.php(192): do_action('wp_ajax_as_asyn...')
#11 {main}
  thrown in C:\laragon\www\wordpress\wp-content\plugins\ultimate-member\includes\lib\action-scheduler\classes\data-stores\ActionScheduler_DBStore.php on line 1128
[11-Sep-2025 17:31:40 Africa/Tunis] PHP Fatal error:  Uncaught RuntimeException: Unable to release actions from claim id 0. in C:\laragon\www\wordpress\wp-content\plugins\ultimate-member\includes\lib\action-scheduler\classes\data-stores\ActionScheduler_DBStore.php:1128
Stack trace:
#0 C:\laragon\www\wordpress\wp-content\plugins\ultimate-member\includes\lib\action-scheduler\classes\ActionScheduler_FatalErrorMonitor.php(95): ActionScheduler_DBStore->release_claim(Object(ActionScheduler_ActionClaim))
#1 C:\laragon\www\wordpress\wp-includes\class-wp-hook.php(324): ActionScheduler_FatalErrorMonitor->handle_unexpected_shutdown('')
#2 C:\laragon\www\wordpress\wp-includes\class-wp-hook.php(348): WP_Hook->apply_filters(NULL, Array)
#3 C:\laragon\www\wordpress\wp-includes\plugin.php(517): WP_Hook->do_action(Array)
#4 C:\laragon\www\wordpress\wp-includes\load.php(1304): do_action('shutdown')
#5 [internal function]: shutdown_action_hook()
#6 {main}
  thrown in C:\laragon\www\wordpress\wp-content\plugins\ultimate-member\includes\lib\action-scheduler\classes\data-stores\ActionScheduler_DBStore.php on line 1128
[11-Sep-2025 16:31:43 UTC] PHP Warning:  Constant GE_MODULE already defined in C:\laragon\www\wordpress\wp-content\plugins\GestionMasters\GestionMasters.php on line 11
[11-Sep-2025 17:31:43 Africa/Tunis] PHP Warning:  Undefined variable $email in C:\laragon\www\wordpress\wp-content\plugins\secure-login\includes\login-handler.php on line 4
[11-Sep-2025 16:31:46 UTC] PHP Warning:  Constant GE_MODULE already defined in C:\laragon\www\wordpress\wp-content\plugins\GestionMasters\GestionMasters.php on line 11
[11-Sep-2025 17:31:47 Africa/Tunis] PHP Warning:  Undefined variable $email in C:\laragon\www\wordpress\wp-content\plugins\secure-login\includes\login-handler.php on line 4
[11-Sep-2025 16:31:47 UTC] PHP Warning:  Constant GE_MODULE already defined in C:\laragon\www\wordpress\wp-content\plugins\GestionMasters\GestionMasters.php on line 11
[11-Sep-2025 17:31:47 Africa/Tunis] PHP Warning:  Undefined variable $email in C:\laragon\www\wordpress\wp-content\plugins\secure-login\includes\login-handler.php on line 4
[11-Sep-2025 16:31:53 UTC] PHP Warning:  Constant GE_MODULE already defined in C:\laragon\www\wordpress\wp-content\plugins\GestionMasters\GestionMasters.php on line 11
[11-Sep-2025 17:31:54 Africa/Tunis] PHP Warning:  Undefined variable $email in C:\laragon\www\wordpress\wp-content\plugins\secure-login\includes\login-handler.php on line 4
[12-Sep-2025 11:14:16 UTC] PHP Warning:  Constant GE_MODULE already defined in C:\laragon\www\wordpress\wp-content\plugins\GestionMasters\GestionMasters.php on line 11
[12-Sep-2025 12:14:17 Africa/Tunis] PHP Warning:  Undefined variable $email in C:\laragon\www\wordpress\wp-content\plugins\secure-login\includes\login-handler.php on line 4
[12-Sep-2025 12:14:17 Africa/Tunis] PHP Warning:  require_once(wp-content/plugins/plateforme-master/pages/config/roles.php): Failed to open stream: No such file or directory in C:\laragon\www\wordpress\wp-content\plugins\plateforme-master\Modules\SiteRecherche\structures-de-recherche-utm.php on line 4
[12-Sep-2025 12:14:17 Africa/Tunis] PHP Fatal error:  Uncaught Error: Failed opening required 'wp-content/plugins/plateforme-master/pages/config/roles.php' (include_path='.;C:/laragon/etc/php/pear') in C:\laragon\www\wordpress\wp-content\plugins\plateforme-master\Modules\SiteRecherche\structures-de-recherche-utm.php:4
Stack trace:
#0 C:\laragon\www\wordpress\wp-content\plugins\plateforme-master\plateforme-master.php(2183): include()
#1 C:\laragon\www\wordpress\wp-includes\class-wp-hook.php(324): pm_template_override('')
#2 C:\laragon\www\wordpress\wp-includes\class-wp-hook.php(348): WP_Hook->apply_filters(NULL, Array)
#3 C:\laragon\www\wordpress\wp-includes\plugin.php(517): WP_Hook->do_action(Array)
#4 C:\laragon\www\wordpress\wp-includes\template-loader.php(13): do_action('template_redire...')
#5 C:\laragon\www\wordpress\wp-blog-header.php(19): require_once('C:\\laragon\\www\\...')
#6 C:\laragon\www\wordpress\index.php(17): require('C:\\laragon\\www\\...')
#7 {main}
  thrown in C:\laragon\www\wordpress\wp-content\plugins\plateforme-master\Modules\SiteRecherche\structures-de-recherche-utm.php on line 4
[12-Sep-2025 11:14:17 UTC] PHP Warning:  Constant GE_MODULE already defined in C:\laragon\www\wordpress\wp-content\plugins\GestionMasters\GestionMasters.php on line 11
[12-Sep-2025 12:14:17 Africa/Tunis] PHP Warning:  Undefined variable $email in C:\laragon\www\wordpress\wp-content\plugins\secure-login\includes\login-handler.php on line 4
[12-Sep-2025 11:15:55 UTC] PHP Warning:  Constant GE_MODULE already defined in C:\laragon\www\wordpress\wp-content\plugins\GestionMasters\GestionMasters.php on line 11
[12-Sep-2025 12:15:55 Africa/Tunis] PHP Warning:  Undefined variable $email in C:\laragon\www\wordpress\wp-content\plugins\secure-login\includes\login-handler.php on line 4
[12-Sep-2025 11:15:55 UTC] PHP Warning:  Constant GE_MODULE already defined in C:\laragon\www\wordpress\wp-content\plugins\GestionMasters\GestionMasters.php on line 11
[12-Sep-2025 12:15:55 Africa/Tunis] PHP Warning:  Undefined variable $email in C:\laragon\www\wordpress\wp-content\plugins\secure-login\includes\login-handler.php on line 4
[12-Sep-2025 11:15:56 UTC] PHP Warning:  Constant GE_MODULE already defined in C:\laragon\www\wordpress\wp-content\plugins\GestionMasters\GestionMasters.php on line 11
[12-Sep-2025 12:15:56 Africa/Tunis] PHP Warning:  Undefined variable $email in C:\laragon\www\wordpress\wp-content\plugins\secure-login\includes\login-handler.php on line 4
[12-Sep-2025 12:15:57 Africa/Tunis] PHP Fatal error:  Uncaught RuntimeException: Unable to release actions from claim id 0. in C:\laragon\www\wordpress\wp-content\plugins\ultimate-member\includes\lib\action-scheduler\classes\data-stores\ActionScheduler_DBStore.php:1128
Stack trace:
#0 C:\laragon\www\wordpress\wp-content\plugins\ultimate-member\includes\lib\action-scheduler\classes\ActionScheduler_QueueRunner.php(195): ActionScheduler_DBStore->release_claim(Object(ActionScheduler_ActionClaim))
#1 C:\laragon\www\wordpress\wp-content\plugins\ultimate-member\includes\lib\action-scheduler\classes\ActionScheduler_QueueRunner.php(158): ActionScheduler_QueueRunner->do_batch(25, 'WP Cron')
#2 C:\laragon\www\wordpress\wp-includes\class-wp-hook.php(324): ActionScheduler_QueueRunner->run('WP Cron')
#3 C:\laragon\www\wordpress\wp-includes\class-wp-hook.php(348): WP_Hook->apply_filters('', Array)
#4 C:\laragon\www\wordpress\wp-includes\plugin.php(565): WP_Hook->do_action(Array)
#5 C:\laragon\www\wordpress\wp-cron.php(191): do_action_ref_array('action_schedule...', Array)
#6 {main}
  thrown in C:\laragon\www\wordpress\wp-content\plugins\ultimate-member\includes\lib\action-scheduler\classes\data-stores\ActionScheduler_DBStore.php on line 1128
[12-Sep-2025 12:15:57 Africa/Tunis] PHP Fatal error:  Uncaught RuntimeException: Unable to release actions from claim id 0. in C:\laragon\www\wordpress\wp-content\plugins\ultimate-member\includes\lib\action-scheduler\classes\data-stores\ActionScheduler_DBStore.php:1128
Stack trace:
#0 C:\laragon\www\wordpress\wp-content\plugins\ultimate-member\includes\lib\action-scheduler\classes\ActionScheduler_FatalErrorMonitor.php(95): ActionScheduler_DBStore->release_claim(Object(ActionScheduler_ActionClaim))
#1 C:\laragon\www\wordpress\wp-includes\class-wp-hook.php(324): ActionScheduler_FatalErrorMonitor->handle_unexpected_shutdown('')
#2 C:\laragon\www\wordpress\wp-includes\class-wp-hook.php(348): WP_Hook->apply_filters(NULL, Array)
#3 C:\laragon\www\wordpress\wp-includes\plugin.php(517): WP_Hook->do_action(Array)
#4 C:\laragon\www\wordpress\wp-includes\load.php(1304): do_action('shutdown')
#5 [internal function]: shutdown_action_hook()
#6 {main}
  thrown in C:\laragon\www\wordpress\wp-content\plugins\ultimate-member\includes\lib\action-scheduler\classes\data-stores\ActionScheduler_DBStore.php on line 1128
[12-Sep-2025 11:15:58 UTC] PHP Warning:  Constant GE_MODULE already defined in C:\laragon\www\wordpress\wp-content\plugins\GestionMasters\GestionMasters.php on line 11
[12-Sep-2025 12:15:59 Africa/Tunis] PHP Warning:  Undefined variable $email in C:\laragon\www\wordpress\wp-content\plugins\secure-login\includes\login-handler.php on line 4
[12-Sep-2025 11:16:06 UTC] PHP Warning:  Constant GE_MODULE already defined in C:\laragon\www\wordpress\wp-content\plugins\GestionMasters\GestionMasters.php on line 11
[12-Sep-2025 12:16:06 Africa/Tunis] PHP Warning:  Undefined variable $email in C:\laragon\www\wordpress\wp-content\plugins\secure-login\includes\login-handler.php on line 4
[12-Sep-2025 12:16:06 Africa/Tunis] PHP Warning:  require_once(C:\laragon\www\wordpress\wp-content\plugins\plateforme-master\Modules\SiteRecherche/../../../../config/roles.php): Failed to open stream: No such file or directory in C:\laragon\www\wordpress\wp-content\plugins\plateforme-master\Modules\SiteRecherche\structures-de-recherche-utm.php on line 5
[12-Sep-2025 12:16:06 Africa/Tunis] PHP Fatal error:  Uncaught Error: Failed opening required 'C:\laragon\www\wordpress\wp-content\plugins\plateforme-master\Modules\SiteRecherche/../../../../config/roles.php' (include_path='.;C:/laragon/etc/php/pear') in C:\laragon\www\wordpress\wp-content\plugins\plateforme-master\Modules\SiteRecherche\structures-de-recherche-utm.php:5
Stack trace:
#0 C:\laragon\www\wordpress\wp-content\plugins\plateforme-master\plateforme-master.php(2183): include()
#1 C:\laragon\www\wordpress\wp-includes\class-wp-hook.php(324): pm_template_override('')
#2 C:\laragon\www\wordpress\wp-includes\class-wp-hook.php(348): WP_Hook->apply_filters(NULL, Array)
#3 C:\laragon\www\wordpress\wp-includes\plugin.php(517): WP_Hook->do_action(Array)
#4 C:\laragon\www\wordpress\wp-includes\template-loader.php(13): do_action('template_redire...')
#5 C:\laragon\www\wordpress\wp-blog-header.php(19): require_once('C:\\laragon\\www\\...')
#6 C:\laragon\www\wordpress\index.php(17): require('C:\\laragon\\www\\...')
#7 {main}
  thrown in C:\laragon\www\wordpress\wp-content\plugins\plateforme-master\Modules\SiteRecherche\structures-de-recherche-utm.php on line 5
[12-Sep-2025 11:16:06 UTC] PHP Warning:  Constant GE_MODULE already defined in C:\laragon\www\wordpress\wp-content\plugins\GestionMasters\GestionMasters.php on line 11
[12-Sep-2025 12:16:07 Africa/Tunis] PHP Warning:  Undefined variable $email in C:\laragon\www\wordpress\wp-content\plugins\secure-login\includes\login-handler.php on line 4
[12-Sep-2025 11:16:52 UTC] PHP Warning:  Constant GE_MODULE already defined in C:\laragon\www\wordpress\wp-content\plugins\GestionMasters\GestionMasters.php on line 11
[12-Sep-2025 12:16:52 Africa/Tunis] PHP Warning:  Undefined variable $email in C:\laragon\www\wordpress\wp-content\plugins\secure-login\includes\login-handler.php on line 4
[12-Sep-2025 11:16:52 UTC] PHP Warning:  Constant GE_MODULE already defined in C:\laragon\www\wordpress\wp-content\plugins\GestionMasters\GestionMasters.php on line 11
[12-Sep-2025 12:16:53 Africa/Tunis] PHP Warning:  Undefined variable $email in C:\laragon\www\wordpress\wp-content\plugins\secure-login\includes\login-handler.php on line 4
[29-Sep-2025 10:46:40 UTC] PHP Warning:  Constant GE_MODULE already defined in C:\laragon\www\wordpress\wp-content\plugins\GestionMasters\GestionMasters.php on line 11
[29-Sep-2025 11:46:41 Africa/Tunis] PHP Warning:  require_once(C:\laragon\www\wordpress/wp-content/plugins/plateforme-master/vendor/autoload.php): Failed to open stream: No such file or directory in C:\laragon\www\wordpress\wp-content\plugins\plateforme-master\services\recherche\services_directeurderecherche.php on line 4030
[29-Sep-2025 11:46:41 Africa/Tunis] PHP Fatal error:  Uncaught Error: Failed opening required 'C:\laragon\www\wordpress/wp-content/plugins/plateforme-master/vendor/autoload.php' (include_path='.;C:/laragon/etc/php/pear') in C:\laragon\www\wordpress\wp-content\plugins\plateforme-master\services\recherche\services_directeurderecherche.php:4030
Stack trace:
#0 C:\laragon\www\wordpress\wp-content\plugins\plateforme-master\includes\recherche\api_directeurderecherche.php(9): require_once()
#1 C:\laragon\www\wordpress\wp-content\plugins\plateforme-master\plateforme-master.php(23): require_once('C:\\laragon\\www\\...')
#2 C:\laragon\www\wordpress\wp-settings.php(545): include_once('C:\\laragon\\www\\...')
#3 C:\laragon\www\wordpress\wp-config.php(108): require_once('C:\\laragon\\www\\...')
#4 C:\laragon\www\wordpress\wp-load.php(50): require_once('C:\\laragon\\www\\...')
#5 C:\laragon\www\wordpress\wp-blog-header.php(13): require_once('C:\\laragon\\www\\...')
#6 C:\laragon\www\wordpress\index.php(17): require('C:\\laragon\\www\\...')
#7 {main}
  thrown in C:\laragon\www\wordpress\wp-content\plugins\plateforme-master\services\recherche\services_directeurderecherche.php on line 4030
[29-Sep-2025 10:46:43 UTC] PHP Warning:  Constant GE_MODULE already defined in C:\laragon\www\wordpress\wp-content\plugins\GestionMasters\GestionMasters.php on line 11
[29-Sep-2025 11:46:43 Africa/Tunis] PHP Warning:  require_once(C:\laragon\www\wordpress/wp-content/plugins/plateforme-master/vendor/autoload.php): Failed to open stream: No such file or directory in C:\laragon\www\wordpress\wp-content\plugins\plateforme-master\services\recherche\services_directeurderecherche.php on line 4030
[29-Sep-2025 11:46:43 Africa/Tunis] PHP Fatal error:  Uncaught Error: Failed opening required 'C:\laragon\www\wordpress/wp-content/plugins/plateforme-master/vendor/autoload.php' (include_path='.;C:/laragon/etc/php/pear') in C:\laragon\www\wordpress\wp-content\plugins\plateforme-master\services\recherche\services_directeurderecherche.php:4030
Stack trace:
#0 C:\laragon\www\wordpress\wp-content\plugins\plateforme-master\includes\recherche\api_directeurderecherche.php(9): require_once()
#1 C:\laragon\www\wordpress\wp-content\plugins\plateforme-master\plateforme-master.php(23): require_once('C:\\laragon\\www\\...')
#2 C:\laragon\www\wordpress\wp-settings.php(545): include_once('C:\\laragon\\www\\...')
#3 C:\laragon\www\wordpress\wp-config.php(108): require_once('C:\\laragon\\www\\...')
#4 C:\laragon\www\wordpress\wp-load.php(50): require_once('C:\\laragon\\www\\...')
#5 C:\laragon\www\wordpress\wp-blog-header.php(13): require_once('C:\\laragon\\www\\...')
#6 C:\laragon\www\wordpress\index.php(17): require('C:\\laragon\\www\\...')
#7 {main}
  thrown in C:\laragon\www\wordpress\wp-content\plugins\plateforme-master\services\recherche\services_directeurderecherche.php on line 4030
[29-Sep-2025 10:47:30 UTC] PHP Warning:  Constant GE_MODULE already defined in C:\laragon\www\wordpress\wp-content\plugins\GestionMasters\GestionMasters.php on line 11
[29-Sep-2025 11:47:30 Africa/Tunis] PHP Warning:  require_once(C:\laragon\www\wordpress/wp-content/plugins/plateforme-master/vendor/autoload.php): Failed to open stream: No such file or directory in C:\laragon\www\wordpress\wp-content\plugins\plateforme-master\services\recherche\services_directeurderecherche.php on line 4030
[29-Sep-2025 11:47:30 Africa/Tunis] PHP Fatal error:  Uncaught Error: Failed opening required 'C:\laragon\www\wordpress/wp-content/plugins/plateforme-master/vendor/autoload.php' (include_path='.;C:/laragon/etc/php/pear') in C:\laragon\www\wordpress\wp-content\plugins\plateforme-master\services\recherche\services_directeurderecherche.php:4030
Stack trace:
#0 C:\laragon\www\wordpress\wp-content\plugins\plateforme-master\includes\recherche\api_directeurderecherche.php(9): require_once()
#1 C:\laragon\www\wordpress\wp-content\plugins\plateforme-master\plateforme-master.php(23): require_once('C:\\laragon\\www\\...')
#2 C:\laragon\www\wordpress\wp-settings.php(545): include_once('C:\\laragon\\www\\...')
#3 C:\laragon\www\wordpress\wp-config.php(108): require_once('C:\\laragon\\www\\...')
#4 C:\laragon\www\wordpress\wp-load.php(50): require_once('C:\\laragon\\www\\...')
#5 C:\laragon\www\wordpress\wp-blog-header.php(13): require_once('C:\\laragon\\www\\...')
#6 C:\laragon\www\wordpress\index.php(17): require('C:\\laragon\\www\\...')
#7 {main}
  thrown in C:\laragon\www\wordpress\wp-content\plugins\plateforme-master\services\recherche\services_directeurderecherche.php on line 4030
[29-Sep-2025 10:47:30 UTC] PHP Warning:  Constant GE_MODULE already defined in C:\laragon\www\wordpress\wp-content\plugins\GestionMasters\GestionMasters.php on line 11
[29-Sep-2025 11:47:31 Africa/Tunis] PHP Warning:  require_once(C:\laragon\www\wordpress/wp-content/plugins/plateforme-master/vendor/autoload.php): Failed to open stream: No such file or directory in C:\laragon\www\wordpress\wp-content\plugins\plateforme-master\services\recherche\services_directeurderecherche.php on line 4030
[29-Sep-2025 11:47:31 Africa/Tunis] PHP Fatal error:  Uncaught Error: Failed opening required 'C:\laragon\www\wordpress/wp-content/plugins/plateforme-master/vendor/autoload.php' (include_path='.;C:/laragon/etc/php/pear') in C:\laragon\www\wordpress\wp-content\plugins\plateforme-master\services\recherche\services_directeurderecherche.php:4030
Stack trace:
#0 C:\laragon\www\wordpress\wp-content\plugins\plateforme-master\includes\recherche\api_directeurderecherche.php(9): require_once()
#1 C:\laragon\www\wordpress\wp-content\plugins\plateforme-master\plateforme-master.php(23): require_once('C:\\laragon\\www\\...')
#2 C:\laragon\www\wordpress\wp-settings.php(545): include_once('C:\\laragon\\www\\...')
#3 C:\laragon\www\wordpress\wp-config.php(108): require_once('C:\\laragon\\www\\...')
#4 C:\laragon\www\wordpress\wp-load.php(50): require_once('C:\\laragon\\www\\...')
#5 C:\laragon\www\wordpress\wp-blog-header.php(13): require_once('C:\\laragon\\www\\...')
#6 C:\laragon\www\wordpress\index.php(17): require('C:\\laragon\\www\\...')
#7 {main}
  thrown in C:\laragon\www\wordpress\wp-content\plugins\plateforme-master\services\recherche\services_directeurderecherche.php on line 4030
[29-Sep-2025 11:18:57 UTC] PHP Warning:  Constant GE_MODULE already defined in C:\laragon\www\wordpress\wp-content\plugins\GestionMasters\GestionMasters.php on line 11
[29-Sep-2025 12:18:57 Africa/Tunis] PHP Warning:  require_once(C:\laragon\www\wordpress/wp-content/plugins/plateforme-master/vendor/autoload.php): Failed to open stream: No such file or directory in C:\laragon\www\wordpress\wp-content\plugins\plateforme-master\services\recherche\services_directeurderecherche.php on line 4093
[29-Sep-2025 12:18:57 Africa/Tunis] PHP Fatal error:  Uncaught Error: Failed opening required 'C:\laragon\www\wordpress/wp-content/plugins/plateforme-master/vendor/autoload.php' (include_path='.;C:/laragon/etc/php/pear') in C:\laragon\www\wordpress\wp-content\plugins\plateforme-master\services\recherche\services_directeurderecherche.php:4093
Stack trace:
#0 C:\laragon\www\wordpress\wp-content\plugins\plateforme-master\includes\recherche\api_directeurderecherche.php(9): require_once()
#1 C:\laragon\www\wordpress\wp-content\plugins\plateforme-master\plateforme-master.php(23): require_once('C:\\laragon\\www\\...')
#2 C:\laragon\www\wordpress\wp-settings.php(545): include_once('C:\\laragon\\www\\...')
#3 C:\laragon\www\wordpress\wp-config.php(108): require_once('C:\\laragon\\www\\...')
#4 C:\laragon\www\wordpress\wp-load.php(50): require_once('C:\\laragon\\www\\...')
#5 C:\laragon\www\wordpress\wp-blog-header.php(13): require_once('C:\\laragon\\www\\...')
#6 C:\laragon\www\wordpress\index.php(17): require('C:\\laragon\\www\\...')
#7 {main}
  thrown in C:\laragon\www\wordpress\wp-content\plugins\plateforme-master\services\recherche\services_directeurderecherche.php on line 4093
[29-Sep-2025 11:18:58 UTC] PHP Warning:  Constant GE_MODULE already defined in C:\laragon\www\wordpress\wp-content\plugins\GestionMasters\GestionMasters.php on line 11
[29-Sep-2025 12:18:58 Africa/Tunis] PHP Warning:  require_once(C:\laragon\www\wordpress/wp-content/plugins/plateforme-master/vendor/autoload.php): Failed to open stream: No such file or directory in C:\laragon\www\wordpress\wp-content\plugins\plateforme-master\services\recherche\services_directeurderecherche.php on line 4093
[29-Sep-2025 12:18:59 Africa/Tunis] PHP Fatal error:  Uncaught Error: Failed opening required 'C:\laragon\www\wordpress/wp-content/plugins/plateforme-master/vendor/autoload.php' (include_path='.;C:/laragon/etc/php/pear') in C:\laragon\www\wordpress\wp-content\plugins\plateforme-master\services\recherche\services_directeurderecherche.php:4093
Stack trace:
#0 C:\laragon\www\wordpress\wp-content\plugins\plateforme-master\includes\recherche\api_directeurderecherche.php(9): require_once()
#1 C:\laragon\www\wordpress\wp-content\plugins\plateforme-master\plateforme-master.php(23): require_once('C:\\laragon\\www\\...')
#2 C:\laragon\www\wordpress\wp-settings.php(545): include_once('C:\\laragon\\www\\...')
#3 C:\laragon\www\wordpress\wp-config.php(108): require_once('C:\\laragon\\www\\...')
#4 C:\laragon\www\wordpress\wp-load.php(50): require_once('C:\\laragon\\www\\...')
#5 C:\laragon\www\wordpress\wp-blog-header.php(13): require_once('C:\\laragon\\www\\...')
#6 C:\laragon\www\wordpress\index.php(17): require('C:\\laragon\\www\\...')
#7 {main}
  thrown in C:\laragon\www\wordpress\wp-content\plugins\plateforme-master\services\recherche\services_directeurderecherche.php on line 4093
[29-Sep-2025 11:19:20 UTC] PHP Warning:  Constant GE_MODULE already defined in C:\laragon\www\wordpress\wp-content\plugins\GestionMasters\GestionMasters.php on line 11
[29-Sep-2025 12:19:20 Africa/Tunis] PHP Warning:  require_once(C:\laragon\www\wordpress/wp-content/plugins/plateforme-master/vendor/autoload.php): Failed to open stream: No such file or directory in C:\laragon\www\wordpress\wp-content\plugins\plateforme-master\services\recherche\services_directeurderecherche.php on line 4093
[29-Sep-2025 12:19:20 Africa/Tunis] PHP Fatal error:  Uncaught Error: Failed opening required 'C:\laragon\www\wordpress/wp-content/plugins/plateforme-master/vendor/autoload.php' (include_path='.;C:/laragon/etc/php/pear') in C:\laragon\www\wordpress\wp-content\plugins\plateforme-master\services\recherche\services_directeurderecherche.php:4093
Stack trace:
#0 C:\laragon\www\wordpress\wp-content\plugins\plateforme-master\includes\recherche\api_directeurderecherche.php(9): require_once()
#1 C:\laragon\www\wordpress\wp-content\plugins\plateforme-master\plateforme-master.php(23): require_once('C:\\laragon\\www\\...')
#2 C:\laragon\www\wordpress\wp-settings.php(545): include_once('C:\\laragon\\www\\...')
#3 C:\laragon\www\wordpress\wp-config.php(108): require_once('C:\\laragon\\www\\...')
#4 C:\laragon\www\wordpress\wp-load.php(50): require_once('C:\\laragon\\www\\...')
#5 C:\laragon\www\wordpress\wp-blog-header.php(13): require_once('C:\\laragon\\www\\...')
#6 C:\laragon\www\wordpress\index.php(17): require('C:\\laragon\\www\\...')
#7 {main}
  thrown in C:\laragon\www\wordpress\wp-content\plugins\plateforme-master\services\recherche\services_directeurderecherche.php on line 4093
[29-Sep-2025 11:19:21 UTC] PHP Warning:  Constant GE_MODULE already defined in C:\laragon\www\wordpress\wp-content\plugins\GestionMasters\GestionMasters.php on line 11
[29-Sep-2025 12:19:21 Africa/Tunis] PHP Warning:  require_once(C:\laragon\www\wordpress/wp-content/plugins/plateforme-master/vendor/autoload.php): Failed to open stream: No such file or directory in C:\laragon\www\wordpress\wp-content\plugins\plateforme-master\services\recherche\services_directeurderecherche.php on line 4093
[29-Sep-2025 12:19:21 Africa/Tunis] PHP Fatal error:  Uncaught Error: Failed opening required 'C:\laragon\www\wordpress/wp-content/plugins/plateforme-master/vendor/autoload.php' (include_path='.;C:/laragon/etc/php/pear') in C:\laragon\www\wordpress\wp-content\plugins\plateforme-master\services\recherche\services_directeurderecherche.php:4093
Stack trace:
#0 C:\laragon\www\wordpress\wp-content\plugins\plateforme-master\includes\recherche\api_directeurderecherche.php(9): require_once()
#1 C:\laragon\www\wordpress\wp-content\plugins\plateforme-master\plateforme-master.php(23): require_once('C:\\laragon\\www\\...')
#2 C:\laragon\www\wordpress\wp-settings.php(545): include_once('C:\\laragon\\www\\...')
#3 C:\laragon\www\wordpress\wp-config.php(108): require_once('C:\\laragon\\www\\...')
#4 C:\laragon\www\wordpress\wp-load.php(50): require_once('C:\\laragon\\www\\...')
#5 C:\laragon\www\wordpress\wp-blog-header.php(13): require_once('C:\\laragon\\www\\...')
#6 C:\laragon\www\wordpress\index.php(17): require('C:\\laragon\\www\\...')
#7 {main}
  thrown in C:\laragon\www\wordpress\wp-content\plugins\plateforme-master\services\recherche\services_directeurderecherche.php on line 4093
[29-Sep-2025 11:20:34 UTC] PHP Warning:  Constant GE_MODULE already defined in C:\laragon\www\wordpress\wp-content\plugins\GestionMasters\GestionMasters.php on line 11
[29-Sep-2025 12:20:34 Africa/Tunis] PHP Warning:  require_once(C:\laragon\www\wordpress/wp-content/plugins/plateforme-master/vendor/autoload.php): Failed to open stream: No such file or directory in C:\laragon\www\wordpress\wp-content\plugins\plateforme-master\services\recherche\services_directeurderecherche.php on line 4093
[29-Sep-2025 12:20:34 Africa/Tunis] PHP Fatal error:  Uncaught Error: Failed opening required 'C:\laragon\www\wordpress/wp-content/plugins/plateforme-master/vendor/autoload.php' (include_path='.;C:/laragon/etc/php/pear') in C:\laragon\www\wordpress\wp-content\plugins\plateforme-master\services\recherche\services_directeurderecherche.php:4093
Stack trace:
#0 C:\laragon\www\wordpress\wp-content\plugins\plateforme-master\includes\recherche\api_directeurderecherche.php(9): require_once()
#1 C:\laragon\www\wordpress\wp-content\plugins\plateforme-master\plateforme-master.php(23): require_once('C:\\laragon\\www\\...')
#2 C:\laragon\www\wordpress\wp-settings.php(545): include_once('C:\\laragon\\www\\...')
#3 C:\laragon\www\wordpress\wp-config.php(108): require_once('C:\\laragon\\www\\...')
#4 C:\laragon\www\wordpress\wp-load.php(50): require_once('C:\\laragon\\www\\...')
#5 C:\laragon\www\wordpress\wp-admin\admin.php(35): require_once('C:\\laragon\\www\\...')
#6 C:\laragon\www\wordpress\wp-admin\index.php(10): require_once('C:\\laragon\\www\\...')
#7 {main}
  thrown in C:\laragon\www\wordpress\wp-content\plugins\plateforme-master\services\recherche\services_directeurderecherche.php on line 4093
[29-Sep-2025 11:20:35 UTC] PHP Warning:  Constant GE_MODULE already defined in C:\laragon\www\wordpress\wp-content\plugins\GestionMasters\GestionMasters.php on line 11
[29-Sep-2025 12:20:35 Africa/Tunis] PHP Warning:  require_once(C:\laragon\www\wordpress/wp-content/plugins/plateforme-master/vendor/autoload.php): Failed to open stream: No such file or directory in C:\laragon\www\wordpress\wp-content\plugins\plateforme-master\services\recherche\services_directeurderecherche.php on line 4093
[29-Sep-2025 12:20:35 Africa/Tunis] PHP Fatal error:  Uncaught Error: Failed opening required 'C:\laragon\www\wordpress/wp-content/plugins/plateforme-master/vendor/autoload.php' (include_path='.;C:/laragon/etc/php/pear') in C:\laragon\www\wordpress\wp-content\plugins\plateforme-master\services\recherche\services_directeurderecherche.php:4093
Stack trace:
#0 C:\laragon\www\wordpress\wp-content\plugins\plateforme-master\includes\recherche\api_directeurderecherche.php(9): require_once()
#1 C:\laragon\www\wordpress\wp-content\plugins\plateforme-master\plateforme-master.php(23): require_once('C:\\laragon\\www\\...')
#2 C:\laragon\www\wordpress\wp-settings.php(545): include_once('C:\\laragon\\www\\...')
#3 C:\laragon\www\wordpress\wp-config.php(108): require_once('C:\\laragon\\www\\...')
#4 C:\laragon\www\wordpress\wp-load.php(50): require_once('C:\\laragon\\www\\...')
#5 C:\laragon\www\wordpress\wp-blog-header.php(13): require_once('C:\\laragon\\www\\...')
#6 C:\laragon\www\wordpress\index.php(17): require('C:\\laragon\\www\\...')
#7 {main}
  thrown in C:\laragon\www\wordpress\wp-content\plugins\plateforme-master\services\recherche\services_directeurderecherche.php on line 4093
[29-Sep-2025 11:24:02 UTC] PHP Warning:  Constant GE_MODULE already defined in C:\laragon\www\wordpress\wp-content\plugins\GestionMasters\GestionMasters.php on line 11
[29-Sep-2025 12:24:03 Africa/Tunis] PHP Warning:  Undefined variable $email in C:\laragon\www\wordpress\wp-content\plugins\secure-login\includes\login-handler.php on line 4
[29-Sep-2025 11:24:04 UTC] PHP Warning:  Constant GE_MODULE already defined in C:\laragon\www\wordpress\wp-content\plugins\GestionMasters\GestionMasters.php on line 11
[29-Sep-2025 12:24:06 Africa/Tunis] PHP Warning:  Undefined variable $email in C:\laragon\www\wordpress\wp-content\plugins\secure-login\includes\login-handler.php on line 4
[29-Sep-2025 11:24:10 UTC] PHP Warning:  Constant GE_MODULE already defined in C:\laragon\www\wordpress\wp-content\plugins\GestionMasters\GestionMasters.php on line 11
[29-Sep-2025 12:24:11 Africa/Tunis] PHP Warning:  Undefined variable $email in C:\laragon\www\wordpress\wp-content\plugins\secure-login\includes\login-handler.php on line 4
[29-Sep-2025 12:24:35 Africa/Tunis] PHP Fatal error:  Uncaught RuntimeException: Unable to release actions from claim id 0. in C:\laragon\www\wordpress\wp-content\plugins\ultimate-member\includes\lib\action-scheduler\classes\data-stores\ActionScheduler_DBStore.php:1128
Stack trace:
#0 C:\laragon\www\wordpress\wp-content\plugins\ultimate-member\includes\lib\action-scheduler\classes\ActionScheduler_QueueRunner.php(195): ActionScheduler_DBStore->release_claim(Object(ActionScheduler_ActionClaim))
#1 C:\laragon\www\wordpress\wp-content\plugins\ultimate-member\includes\lib\action-scheduler\classes\ActionScheduler_QueueRunner.php(158): ActionScheduler_QueueRunner->do_batch(25, 'WP Cron')
#2 C:\laragon\www\wordpress\wp-includes\class-wp-hook.php(324): ActionScheduler_QueueRunner->run('WP Cron')
#3 C:\laragon\www\wordpress\wp-includes\class-wp-hook.php(348): WP_Hook->apply_filters('', Array)
#4 C:\laragon\www\wordpress\wp-includes\plugin.php(565): WP_Hook->do_action(Array)
#5 C:\laragon\www\wordpress\wp-cron.php(191): do_action_ref_array('action_schedule...', Array)
#6 {main}
  thrown in C:\laragon\www\wordpress\wp-content\plugins\ultimate-member\includes\lib\action-scheduler\classes\data-stores\ActionScheduler_DBStore.php on line 1128
[29-Sep-2025 12:24:35 Africa/Tunis] PHP Fatal error:  Uncaught RuntimeException: Unable to release actions from claim id 0. in C:\laragon\www\wordpress\wp-content\plugins\ultimate-member\includes\lib\action-scheduler\classes\data-stores\ActionScheduler_DBStore.php:1128
Stack trace:
#0 C:\laragon\www\wordpress\wp-content\plugins\ultimate-member\includes\lib\action-scheduler\classes\ActionScheduler_FatalErrorMonitor.php(95): ActionScheduler_DBStore->release_claim(Object(ActionScheduler_ActionClaim))
#1 C:\laragon\www\wordpress\wp-includes\class-wp-hook.php(324): ActionScheduler_FatalErrorMonitor->handle_unexpected_shutdown('')
#2 C:\laragon\www\wordpress\wp-includes\class-wp-hook.php(348): WP_Hook->apply_filters(NULL, Array)
#3 C:\laragon\www\wordpress\wp-includes\plugin.php(517): WP_Hook->do_action(Array)
#4 C:\laragon\www\wordpress\wp-includes\load.php(1304): do_action('shutdown')
#5 [internal function]: shutdown_action_hook()
#6 {main}
  thrown in C:\laragon\www\wordpress\wp-content\plugins\ultimate-member\includes\lib\action-scheduler\classes\data-stores\ActionScheduler_DBStore.php on line 1128
[06-Oct-2025 10:56:49 UTC] PHP Warning:  Constant GE_MODULE already defined in C:\laragon\www\wordpress\wp-content\plugins\GestionMasters\GestionMasters.php on line 11
[06-Oct-2025 11:56:49 Africa/Tunis] PHP Warning:  Undefined variable $email in C:\laragon\www\wordpress\wp-content\plugins\secure-login\includes\login-handler.php on line 4
[06-Oct-2025 11:56:49 Africa/Tunis] PHP Warning:  require_once(C:\laragon\www\wordpress\wp-content\plugins\plateforme-master\Modules\USCR//requireApi.php): Failed to open stream: No such file or directory in C:\laragon\www\wordpress\wp-content\plugins\plateforme-master\Modules\USCR\statistiques-historique-uscr.php on line 5
[06-Oct-2025 11:56:49 Africa/Tunis] PHP Fatal error:  Uncaught Error: Failed opening required 'C:\laragon\www\wordpress\wp-content\plugins\plateforme-master\Modules\USCR//requireApi.php' (include_path='.;C:/laragon/etc/php/pear') in C:\laragon\www\wordpress\wp-content\plugins\plateforme-master\Modules\USCR\statistiques-historique-uscr.php:5
Stack trace:
#0 C:\laragon\www\wordpress\wp-content\plugins\plateforme-master\plateforme-master.php(2645): include()
#1 C:\laragon\www\wordpress\wp-includes\class-wp-hook.php(324): pm_template_override('')
#2 C:\laragon\www\wordpress\wp-includes\class-wp-hook.php(348): WP_Hook->apply_filters(NULL, Array)
#3 C:\laragon\www\wordpress\wp-includes\plugin.php(517): WP_Hook->do_action(Array)
#4 C:\laragon\www\wordpress\wp-includes\template-loader.php(13): do_action('template_redire...')
#5 C:\laragon\www\wordpress\wp-blog-header.php(19): require_once('C:\\laragon\\www\\...')
#6 C:\laragon\www\wordpress\index.php(17): require('C:\\laragon\\www\\...')
#7 {main}
  thrown in C:\laragon\www\wordpress\wp-content\plugins\plateforme-master\Modules\USCR\statistiques-historique-uscr.php on line 5
[06-Oct-2025 10:56:50 UTC] PHP Warning:  Constant GE_MODULE already defined in C:\laragon\www\wordpress\wp-content\plugins\GestionMasters\GestionMasters.php on line 11
[06-Oct-2025 11:56:50 Africa/Tunis] PHP Warning:  Undefined variable $email in C:\laragon\www\wordpress\wp-content\plugins\secure-login\includes\login-handler.php on line 4
[06-Oct-2025 10:57:23 UTC] PHP Warning:  Constant GE_MODULE already defined in C:\laragon\www\wordpress\wp-content\plugins\GestionMasters\GestionMasters.php on line 11
[06-Oct-2025 11:57:23 Africa/Tunis] PHP Warning:  Undefined variable $email in C:\laragon\www\wordpress\wp-content\plugins\secure-login\includes\login-handler.php on line 4
[06-Oct-2025 10:57:23 UTC] PHP Warning:  Constant GE_MODULE already defined in C:\laragon\www\wordpress\wp-content\plugins\GestionMasters\GestionMasters.php on line 11
[06-Oct-2025 11:57:23 Africa/Tunis] PHP Warning:  Undefined variable $email in C:\laragon\www\wordpress\wp-content\plugins\secure-login\includes\login-handler.php on line 4
[06-Oct-2025 10:57:24 UTC] PHP Warning:  Constant GE_MODULE already defined in C:\laragon\www\wordpress\wp-content\plugins\GestionMasters\GestionMasters.php on line 11
[06-Oct-2025 11:57:24 Africa/Tunis] PHP Fatal error:  Uncaught RuntimeException: Unable to release actions from claim id 0. in C:\laragon\www\wordpress\wp-content\plugins\ultimate-member\includes\lib\action-scheduler\classes\data-stores\ActionScheduler_DBStore.php:1128
Stack trace:
#0 C:\laragon\www\wordpress\wp-content\plugins\ultimate-member\includes\lib\action-scheduler\classes\ActionScheduler_QueueRunner.php(195): ActionScheduler_DBStore->release_claim(Object(ActionScheduler_ActionClaim))
#1 C:\laragon\www\wordpress\wp-content\plugins\ultimate-member\includes\lib\action-scheduler\classes\ActionScheduler_QueueRunner.php(158): ActionScheduler_QueueRunner->do_batch(25, 'WP Cron')
#2 C:\laragon\www\wordpress\wp-includes\class-wp-hook.php(324): ActionScheduler_QueueRunner->run('WP Cron')
#3 C:\laragon\www\wordpress\wp-includes\class-wp-hook.php(348): WP_Hook->apply_filters('', Array)
#4 C:\laragon\www\wordpress\wp-includes\plugin.php(565): WP_Hook->do_action(Array)
#5 C:\laragon\www\wordpress\wp-cron.php(191): do_action_ref_array('action_schedule...', Array)
#6 {main}
  thrown in C:\laragon\www\wordpress\wp-content\plugins\ultimate-member\includes\lib\action-scheduler\classes\data-stores\ActionScheduler_DBStore.php on line 1128
[06-Oct-2025 11:57:24 Africa/Tunis] PHP Fatal error:  Uncaught RuntimeException: Unable to release actions from claim id 0. in C:\laragon\www\wordpress\wp-content\plugins\ultimate-member\includes\lib\action-scheduler\classes\data-stores\ActionScheduler_DBStore.php:1128
Stack trace:
#0 C:\laragon\www\wordpress\wp-content\plugins\ultimate-member\includes\lib\action-scheduler\classes\ActionScheduler_FatalErrorMonitor.php(95): ActionScheduler_DBStore->release_claim(Object(ActionScheduler_ActionClaim))
#1 C:\laragon\www\wordpress\wp-includes\class-wp-hook.php(324): ActionScheduler_FatalErrorMonitor->handle_unexpected_shutdown('')
#2 C:\laragon\www\wordpress\wp-includes\class-wp-hook.php(348): WP_Hook->apply_filters(NULL, Array)
#3 C:\laragon\www\wordpress\wp-includes\plugin.php(517): WP_Hook->do_action(Array)
#4 C:\laragon\www\wordpress\wp-includes\load.php(1304): do_action('shutdown')
#5 [internal function]: shutdown_action_hook()
#6 {main}
  thrown in C:\laragon\www\wordpress\wp-content\plugins\ultimate-member\includes\lib\action-scheduler\classes\data-stores\ActionScheduler_DBStore.php on line 1128
[06-Oct-2025 11:57:25 Africa/Tunis] PHP Warning:  Undefined variable $email in C:\laragon\www\wordpress\wp-content\plugins\secure-login\includes\login-handler.php on line 4
[06-Oct-2025 11:57:26 Africa/Tunis] PHP Fatal error:  Uncaught RuntimeException: Unable to release actions from claim id 0. in C:\laragon\www\wordpress\wp-content\plugins\ultimate-member\includes\lib\action-scheduler\classes\data-stores\ActionScheduler_DBStore.php:1128
Stack trace:
#0 C:\laragon\www\wordpress\wp-content\plugins\ultimate-member\includes\lib\action-scheduler\classes\ActionScheduler_QueueRunner.php(195): ActionScheduler_DBStore->release_claim(Object(ActionScheduler_ActionClaim))
#1 C:\laragon\www\wordpress\wp-content\plugins\ultimate-member\includes\lib\action-scheduler\classes\ActionScheduler_QueueRunner.php(158): ActionScheduler_QueueRunner->do_batch(25, 'Async Request')
#2 C:\laragon\www\wordpress\wp-includes\class-wp-hook.php(324): ActionScheduler_QueueRunner->run('Async Request')
#3 C:\laragon\www\wordpress\wp-includes\class-wp-hook.php(348): WP_Hook->apply_filters('', Array)
#4 C:\laragon\www\wordpress\wp-includes\plugin.php(517): WP_Hook->do_action(Array)
#5 C:\laragon\www\wordpress\wp-content\plugins\ultimate-member\includes\lib\action-scheduler\classes\ActionScheduler_AsyncRequest_QueueRunner.php(48): do_action('action_schedule...', 'Async Request')
#6 C:\laragon\www\wordpress\wp-content\plugins\ultimate-member\includes\lib\action-scheduler\lib\WP_Async_Request.php(174): ActionScheduler_AsyncRequest_QueueRunner->handle()
#7 C:\laragon\www\wordpress\wp-includes\class-wp-hook.php(324): WP_Async_Request->maybe_handle('')
#8 C:\laragon\www\wordpress\wp-includes\class-wp-hook.php(348): WP_Hook->apply_filters('', Array)
#9 C:\laragon\www\wordpress\wp-includes\plugin.php(517): WP_Hook->do_action(Array)
#10 C:\laragon\www\wordpress\wp-admin\admin-ajax.php(192): do_action('wp_ajax_as_asyn...')
#11 {main}
  thrown in C:\laragon\www\wordpress\wp-content\plugins\ultimate-member\includes\lib\action-scheduler\classes\data-stores\ActionScheduler_DBStore.php on line 1128
[06-Oct-2025 11:57:26 Africa/Tunis] PHP Fatal error:  Uncaught RuntimeException: Unable to release actions from claim id 0. in C:\laragon\www\wordpress\wp-content\plugins\ultimate-member\includes\lib\action-scheduler\classes\data-stores\ActionScheduler_DBStore.php:1128
Stack trace:
#0 C:\laragon\www\wordpress\wp-content\plugins\ultimate-member\includes\lib\action-scheduler\classes\ActionScheduler_FatalErrorMonitor.php(95): ActionScheduler_DBStore->release_claim(Object(ActionScheduler_ActionClaim))
#1 C:\laragon\www\wordpress\wp-includes\class-wp-hook.php(324): ActionScheduler_FatalErrorMonitor->handle_unexpected_shutdown('')
#2 C:\laragon\www\wordpress\wp-includes\class-wp-hook.php(348): WP_Hook->apply_filters(NULL, Array)
#3 C:\laragon\www\wordpress\wp-includes\plugin.php(517): WP_Hook->do_action(Array)
#4 C:\laragon\www\wordpress\wp-includes\load.php(1304): do_action('shutdown')
#5 [internal function]: shutdown_action_hook()
#6 {main}
  thrown in C:\laragon\www\wordpress\wp-content\plugins\ultimate-member\includes\lib\action-scheduler\classes\data-stores\ActionScheduler_DBStore.php on line 1128
[06-Oct-2025 10:57:47 UTC] PHP Warning:  Constant GE_MODULE already defined in C:\laragon\www\wordpress\wp-content\plugins\GestionMasters\GestionMasters.php on line 11
[06-Oct-2025 11:57:48 Africa/Tunis] PHP Warning:  Undefined variable $email in C:\laragon\www\wordpress\wp-content\plugins\secure-login\includes\login-handler.php on line 4
[06-Oct-2025 11:57:48 Africa/Tunis] PHP Warning:  include(C:\laragon\www\wordpress\wp-content\plugins\plateforme-master\Modules\USCR//components/sidebar.php): Failed to open stream: No such file or directory in C:\laragon\www\wordpress\wp-content\plugins\plateforme-master\Modules\USCR\statistiques-historique-uscr.php on line 53
[06-Oct-2025 11:57:48 Africa/Tunis] PHP Warning:  include(): Failed opening 'C:\laragon\www\wordpress\wp-content\plugins\plateforme-master\Modules\USCR//components/sidebar.php' for inclusion (include_path='.;C:/laragon/etc/php/pear') in C:\laragon\www\wordpress\wp-content\plugins\plateforme-master\Modules\USCR\statistiques-historique-uscr.php on line 53
[06-Oct-2025 11:57:48 Africa/Tunis] PHP Warning:  include(components/scripts.php): Failed to open stream: No such file or directory in C:\laragon\www\wordpress\wp-content\plugins\plateforme-master\Modules\USCR\statistiques-historique-uscr.php on line 71
[06-Oct-2025 11:57:48 Africa/Tunis] PHP Warning:  include(): Failed opening 'components/scripts.php' for inclusion (include_path='.;C:/laragon/etc/php/pear') in C:\laragon\www\wordpress\wp-content\plugins\plateforme-master\Modules\USCR\statistiques-historique-uscr.php on line 71
[06-Oct-2025 10:57:48 UTC] PHP Warning:  Constant GE_MODULE already defined in C:\laragon\www\wordpress\wp-content\plugins\GestionMasters\GestionMasters.php on line 11
[06-Oct-2025 10:57:48 UTC] PHP Warning:  Constant GE_MODULE already defined in C:\laragon\www\wordpress\wp-content\plugins\GestionMasters\GestionMasters.php on line 11
[06-Oct-2025 10:57:48 UTC] PHP Warning:  Constant GE_MODULE already defined in C:\laragon\www\wordpress\wp-content\plugins\GestionMasters\GestionMasters.php on line 11
[06-Oct-2025 11:57:49 Africa/Tunis] PHP Warning:  Undefined variable $email in C:\laragon\www\wordpress\wp-content\plugins\secure-login\includes\login-handler.php on line 4
[06-Oct-2025 11:57:49 Africa/Tunis] PHP Warning:  Undefined variable $email in C:\laragon\www\wordpress\wp-content\plugins\secure-login\includes\login-handler.php on line 4
[06-Oct-2025 11:57:49 Africa/Tunis] PHP Warning:  Undefined variable $email in C:\laragon\www\wordpress\wp-content\plugins\secure-login\includes\login-handler.php on line 4
[06-Oct-2025 10:57:49 UTC] PHP Warning:  Constant GE_MODULE already defined in C:\laragon\www\wordpress\wp-content\plugins\GestionMasters\GestionMasters.php on line 11
[06-Oct-2025 10:57:49 UTC] PHP Warning:  Constant GE_MODULE already defined in C:\laragon\www\wordpress\wp-content\plugins\GestionMasters\GestionMasters.php on line 11
[06-Oct-2025 10:57:49 UTC] PHP Warning:  Constant GE_MODULE already defined in C:\laragon\www\wordpress\wp-content\plugins\GestionMasters\GestionMasters.php on line 11
[06-Oct-2025 10:57:49 UTC] PHP Warning:  Constant GE_MODULE already defined in C:\laragon\www\wordpress\wp-content\plugins\GestionMasters\GestionMasters.php on line 11
[06-Oct-2025 10:57:49 UTC] PHP Warning:  Constant GE_MODULE already defined in C:\laragon\www\wordpress\wp-content\plugins\GestionMasters\GestionMasters.php on line 11
[06-Oct-2025 11:57:50 Africa/Tunis] PHP Warning:  Undefined variable $email in C:\laragon\www\wordpress\wp-content\plugins\secure-login\includes\login-handler.php on line 4
[06-Oct-2025 11:57:50 Africa/Tunis] [plateforme-master] rest_api_init fired. Registering routes for plateforme-recherche/v1
[06-Oct-2025 11:57:50 Africa/Tunis] [plateforme-master] register GET /publication = OK
[06-Oct-2025 11:57:50 Africa/Tunis] [plateforme-master] register POST /publication = OK
[06-Oct-2025 11:57:50 Africa/Tunis] [plateforme-master] register PUT /publication/{id} = OK
[06-Oct-2025 11:57:50 Africa/Tunis] [plateforme-master] register DELETE /publication/{id} = OK
[06-Oct-2025 11:57:50 Africa/Tunis] PHP Warning:  Undefined variable $email in C:\laragon\www\wordpress\wp-content\plugins\secure-login\includes\login-handler.php on line 4
[06-Oct-2025 11:57:50 Africa/Tunis] [plateforme-master] rest_api_init fired. Registering routes for plateforme-recherche/v1
[06-Oct-2025 11:57:50 Africa/Tunis] [plateforme-master] register GET /publication = OK
[06-Oct-2025 11:57:50 Africa/Tunis] [plateforme-master] register POST /publication = OK
[06-Oct-2025 11:57:50 Africa/Tunis] [plateforme-master] register PUT /publication/{id} = OK
[06-Oct-2025 11:57:50 Africa/Tunis] [plateforme-master] register DELETE /publication/{id} = OK
[06-Oct-2025 11:57:50 Africa/Tunis] WordPress database error Unknown column 'user_id' in 'field list' for query SELECT id, user_id, message, type, lu, created_at
     FROM utm_recherche_notification
     WHERE user_id=160
     ORDER BY created_at DESC
     LIMIT 5 OFFSET 0 made by require('wp-blog-header.php'), wp, WP->main, WP->parse_request, do_action_ref_array('parse_request'), WP_Hook->do_action, WP_Hook->apply_filters, rest_api_loaded, WP_REST_Server->serve_request, WP_REST_Server->dispatch, WP_REST_Server->respond_to_request, svc_notification_list
[06-Oct-2025 11:57:50 Africa/Tunis] PHP Warning:  Undefined variable $email in C:\laragon\www\wordpress\wp-content\plugins\secure-login\includes\login-handler.php on line 4
[06-Oct-2025 10:57:50 UTC] PHP Warning:  Constant GE_MODULE already defined in C:\laragon\www\wordpress\wp-content\plugins\GestionMasters\GestionMasters.php on line 11
[06-Oct-2025 11:57:50 Africa/Tunis] PHP Warning:  Undefined variable $email in C:\laragon\www\wordpress\wp-content\plugins\secure-login\includes\login-handler.php on line 4
[06-Oct-2025 11:57:50 Africa/Tunis] PHP Warning:  Undefined variable $email in C:\laragon\www\wordpress\wp-content\plugins\secure-login\includes\login-handler.php on line 4
[06-Oct-2025 11:57:50 Africa/Tunis] PHP Warning:  Undefined variable $email in C:\laragon\www\wordpress\wp-content\plugins\secure-login\includes\login-handler.php on line 4
[06-Oct-2025 11:57:50 Africa/Tunis] [plateforme-master] rest_api_init fired. Registering routes for plateforme-recherche/v1
[06-Oct-2025 11:57:50 Africa/Tunis] [plateforme-master] register GET /publication = OK
[06-Oct-2025 11:57:50 Africa/Tunis] [plateforme-master] register POST /publication = OK
[06-Oct-2025 11:57:50 Africa/Tunis] [plateforme-master] register PUT /publication/{id} = OK
[06-Oct-2025 11:57:50 Africa/Tunis] [plateforme-master] register DELETE /publication/{id} = OK
[06-Oct-2025 10:57:50 UTC] PHP Warning:  Constant GE_MODULE already defined in C:\laragon\www\wordpress\wp-content\plugins\GestionMasters\GestionMasters.php on line 11
[06-Oct-2025 11:57:51 Africa/Tunis] PHP Warning:  Undefined variable $email in C:\laragon\www\wordpress\wp-content\plugins\secure-login\includes\login-handler.php on line 4
